enrollment_id,student_id,course_id,semester_id
1,1,1,1
2,1,2,1
3,1,9,1
4,1,31,1
5,1,33,1
6,1,34,1
7,1,3,2
8,1,4,2
9,1,10,2
10,1,32,2
11,1,5,3
12,1,6,3
13,1,7,4
14,1,8,4
15,2,1,1
16,2,2,1
17,2,9,1
18,2,31,1
19,2,33,1
20,2,34,1
21,2,3,2
22,2,4,2
23,2,10,2
24,2,32,2
25,2,5,3
26,2,6,3
27,2,7,4
28,2,8,4
29,3,1,1
30,3,2,1
31,3,9,1
32,3,31,1
33,3,33,1
34,3,34,1
35,3,3,2
36,3,4,2
37,3,10,2
38,3,32,2
39,3,5,3
40,3,6,3
41,3,7,4
42,3,8,4
43,4,1,1
44,4,2,1
45,4,9,1
46,4,31,1
47,4,33,1
48,4,34,1
49,4,3,2
50,4,4,2
51,4,10,2
52,4,32,2
53,4,5,3
54,4,6,3
55,4,7,4
56,4,8,4
57,5,1,1
58,5,2,1
59,5,9,1
60,5,31,1
61,5,33,1
62,5,34,1
63,5,3,2
64,5,4,2
65,5,10,2
66,5,32,2
67,5,5,3
68,5,6,3
69,5,7,4
70,5,8,4
71,6,1,1
72,6,2,1
73,6,9,1
74,6,31,1
75,6,33,1
76,6,34,1
77,6,3,2
78,6,4,2
79,6,10,2
80,6,32,2
81,6,5,3
82,6,6,3
83,6,7,4
84,6,8,4
85,7,1,1
86,7,2,1
87,7,9,1
88,7,31,1
89,7,33,1
90,7,34,1
91,7,3,2
92,7,4,2
93,7,10,2
94,7,32,2
95,7,5,3
96,7,6,3
97,7,7,4
98,7,8,4
99,8,1,1
100,8,2,1
101,8,9,1
102,8,31,1
103,8,33,1
104,8,34,1
105,8,3,2
106,8,4,2
107,8,10,2
108,8,32,2
109,8,5,3
110,8,6,3
111,8,7,4
112,8,8,4
113,9,1,1
114,9,2,1
115,9,9,1
116,9,31,1
117,9,33,1
118,9,34,1
119,9,3,2
120,9,4,2
121,9,10,2
122,9,32,2
123,9,5,3
124,9,6,3
125,9,7,4
126,9,8,4
127,10,1,1
128,10,2,1
129,10,9,1
130,10,31,1
131,10,33,1
132,10,34,1
133,10,3,2
134,10,4,2
135,10,10,2
136,10,32,2
137,10,5,3
138,10,6,3
139,10,7,4
140,10,8,4
141,11,1,1
142,11,2,1
143,11,9,1
144,11,31,1
145,11,33,1
146,11,34,1
147,11,3,2
148,11,4,2
149,11,10,2
150,11,32,2
151,11,5,3
152,11,6,3
153,11,7,4
154,11,8,4
155,12,1,1
156,12,2,1
157,12,9,1
158,12,31,1
159,12,33,1
160,12,34,1
161,12,3,2
162,12,4,2
163,12,10,2
164,12,32,2
165,12,5,3
166,12,6,3
167,12,7,4
168,12,8,4
169,13,1,1
170,13,2,1
171,13,9,1
172,13,31,1
173,13,33,1
174,13,34,1
175,13,3,2
176,13,4,2
177,13,10,2
178,13,32,2
179,13,5,3
180,13,6,3
181,13,7,4
182,13,8,4
183,14,1,1
184,14,2,1
185,14,9,1
186,14,31,1
187,14,33,1
188,14,34,1
189,14,3,2
190,14,4,2
191,14,10,2
192,14,32,2
193,14,5,3
194,14,6,3
195,14,7,4
196,14,8,4
197,15,1,1
198,15,2,1
199,15,9,1
200,15,31,1
201,15,33,1
202,15,34,1
203,15,3,2
204,15,4,2
205,15,10,2
206,15,32,2
207,15,5,3
208,15,6,3
209,15,7,4
210,15,8,4
211,16,1,1
212,16,2,1
213,16,9,1
214,16,31,1
215,16,33,1
216,16,34,1
217,16,3,2
218,16,4,2
219,16,10,2
220,16,32,2
221,16,5,3
222,16,6,3
223,16,7,4
224,16,8,4
225,17,1,1
226,17,2,1
227,17,9,1
228,17,31,1
229,17,33,1
230,17,34,1
231,17,3,2
232,17,4,2
233,17,10,2
234,17,32,2
235,17,5,3
236,17,6,3
237,17,7,4
238,17,8,4
239,18,1,1
240,18,2,1
241,18,9,1
242,18,31,1
243,18,33,1
244,18,34,1
245,18,3,2
246,18,4,2
247,18,10,2
248,18,32,2
249,18,5,3
250,18,6,3
251,18,7,4
252,18,8,4
253,19,1,1
254,19,2,1
255,19,9,1
256,19,31,1
257,19,33,1
258,19,34,1
259,19,3,2
260,19,4,2
261,19,10,2
262,19,32,2
263,19,5,3
264,19,6,3
265,19,7,4
266,19,8,4
267,20,1,1
268,20,2,1
269,20,9,1
270,20,31,1
271,20,33,1
272,20,34,1
273,20,3,2
274,20,4,2
275,20,10,2
276,20,32,2
277,20,5,3
278,20,6,3
279,20,7,4
280,20,8,4
281,21,1,1
282,21,2,1
283,21,9,1
284,21,31,1
285,21,33,1
286,21,34,1
287,21,3,2
288,21,4,2
289,21,10,2
290,21,32,2
291,21,5,3
292,21,6,3
293,21,7,4
294,21,8,4
295,22,1,1
296,22,2,1
297,22,9,1
298,22,31,1
299,22,33,1
300,22,34,1
301,22,3,2
302,22,4,2
303,22,10,2
304,22,32,2
305,22,5,3
306,22,6,3
307,22,7,4
308,22,8,4
309,23,1,1
310,23,2,1
311,23,9,1
312,23,31,1
313,23,33,1
314,23,34,1
315,23,3,2
316,23,4,2
317,23,10,2
318,23,32,2
319,23,5,3
320,23,6,3
321,23,7,4
322,23,8,4
323,24,1,1
324,24,2,1
325,24,9,1
326,24,31,1
327,24,33,1
328,24,34,1
329,24,3,2
330,24,4,2
331,24,10,2
332,24,32,2
333,24,5,3
334,24,6,3
335,24,7,4
336,24,8,4
337,25,1,1
338,25,2,1
339,25,9,1
340,25,31,1
341,25,33,1
342,25,34,1
343,25,3,2
344,25,4,2
345,25,10,2
346,25,32,2
347,25,5,3
348,25,6,3
349,25,7,4
350,25,8,4
351,26,1,1
352,26,2,1
353,26,9,1
354,26,31,1
355,26,33,1
356,26,34,1
357,26,3,2
358,26,4,2
359,26,10,2
360,26,32,2
361,26,5,3
362,26,6,3
363,26,7,4
364,26,8,4
365,27,1,1
366,27,2,1
367,27,9,1
368,27,31,1
369,27,33,1
370,27,34,1
371,27,3,2
372,27,4,2
373,27,10,2
374,27,32,2
375,27,5,3
376,27,6,3
377,27,7,4
378,27,8,4
379,28,1,1
380,28,2,1
381,28,9,1
382,28,31,1
383,28,33,1
384,28,34,1
385,28,3,2
386,28,4,2
387,28,10,2
388,28,32,2
389,28,5,3
390,28,6,3
391,28,7,4
392,28,8,4
393,29,1,1
394,29,2,1
395,29,9,1
396,29,31,1
397,29,33,1
398,29,34,1
399,29,3,2
400,29,4,2
401,29,10,2
402,29,32,2
403,29,5,3
404,29,6,3
405,29,7,4
406,29,8,4
407,30,1,1
408,30,2,1
409,30,9,1
410,30,31,1
411,30,33,1
412,30,34,1
413,30,3,2
414,30,4,2
415,30,10,2
416,30,32,2
417,30,5,3
418,30,6,3
419,30,7,4
420,30,8,4
421,31,1,1
422,31,2,1
423,31,9,1
424,31,31,1
425,31,33,1
426,31,34,1
427,31,3,2
428,31,4,2
429,31,10,2
430,31,32,2
431,31,5,3
432,31,6,3
433,31,7,4
434,31,8,4
435,32,1,1
436,32,2,1
437,32,9,1
438,32,31,1
439,32,33,1
440,32,34,1
441,32,3,2
442,32,4,2
443,32,10,2
444,32,32,2
445,32,5,3
446,32,6,3
447,32,7,4
448,32,8,4
449,33,1,1
450,33,2,1
451,33,9,1
452,33,31,1
453,33,33,1
454,33,34,1
455,33,3,2
456,33,4,2
457,33,10,2
458,33,32,2
459,33,5,3
460,33,6,3
461,33,7,4
462,33,8,4
463,34,1,1
464,34,2,1
465,34,9,1
466,34,31,1
467,34,33,1
468,34,34,1
469,34,3,2
470,34,4,2
471,34,10,2
472,34,32,2
473,34,5,3
474,34,6,3
475,34,7,4
476,34,8,4
477,35,1,1
478,35,2,1
479,35,9,1
480,35,31,1
481,35,33,1
482,35,34,1
483,35,3,2
484,35,4,2
485,35,10,2
486,35,32,2
487,35,5,3
488,35,6,3
489,35,7,4
490,35,8,4
491,36,1,1
492,36,2,1
493,36,9,1
494,36,31,1
495,36,33,1
496,36,34,1
497,36,3,2
498,36,4,2
499,36,10,2
500,36,32,2
501,36,5,3
502,36,6,3
503,36,7,4
504,36,8,4
505,37,1,1
506,37,2,1
507,37,9,1
508,37,31,1
509,37,33,1
510,37,34,1
511,37,3,2
512,37,4,2
513,37,10,2
514,37,32,2
515,37,5,3
516,37,6,3
517,37,7,4
518,37,8,4
519,38,1,1
520,38,2,1
521,38,9,1
522,38,31,1
523,38,33,1
524,38,34,1
525,38,3,2
526,38,4,2
527,38,10,2
528,38,32,2
529,38,5,3
530,38,6,3
531,38,7,4
532,38,8,4
533,39,1,1
534,39,2,1
535,39,9,1
536,39,31,1
537,39,33,1
538,39,34,1
539,39,3,2
540,39,4,2
541,39,10,2
542,39,32,2
543,39,5,3
544,39,6,3
545,39,7,4
546,39,8,4
547,40,1,1
548,40,2,1
549,40,9,1
550,40,31,1
551,40,33,1
552,40,34,1
553,40,3,2
554,40,4,2
555,40,10,2
556,40,32,2
557,40,5,3
558,40,6,3
559,40,7,4
560,40,8,4
561,41,1,1
562,41,2,1
563,41,9,1
564,41,31,1
565,41,33,1
566,41,34,1
567,41,3,2
568,41,4,2
569,41,10,2
570,41,32,2
571,41,5,3
572,41,6,3
573,41,7,4
574,41,8,4
575,42,1,1
576,42,2,1
577,42,9,1
578,42,31,1
579,42,33,1
580,42,34,1
581,42,3,2
582,42,4,2
583,42,10,2
584,42,32,2
585,42,5,3
586,42,6,3
587,42,7,4
588,42,8,4
589,43,1,1
590,43,2,1
591,43,9,1
592,43,31,1
593,43,33,1
594,43,34,1
595,43,3,2
596,43,4,2
597,43,10,2
598,43,32,2
599,43,5,3
600,43,6,3
601,43,7,4
602,43,8,4
603,44,1,1
604,44,2,1
605,44,9,1
606,44,31,1
607,44,33,1
608,44,34,1
609,44,3,2
610,44,4,2
611,44,10,2
612,44,32,2
613,44,5,3
614,44,6,3
615,44,7,4
616,44,8,4
617,45,1,1
618,45,2,1
619,45,9,1
620,45,31,1
621,45,33,1
622,45,34,1
623,45,3,2
624,45,4,2
625,45,10,2
626,45,32,2
627,45,5,3
628,45,6,3
629,45,7,4
630,45,8,4
631,46,1,1
632,46,2,1
633,46,9,1
634,46,31,1
635,46,33,1
636,46,34,1
637,46,3,2
638,46,4,2
639,46,10,2
640,46,32,2
641,46,5,3
642,46,6,3
643,46,7,4
644,46,8,4
645,47,1,1
646,47,2,1
647,47,9,1
648,47,31,1
649,47,33,1
650,47,34,1
651,47,3,2
652,47,4,2
653,47,10,2
654,47,32,2
655,47,5,3
656,47,6,3
657,47,7,4
658,47,8,4
659,48,1,1
660,48,2,1
661,48,9,1
662,48,31,1
663,48,33,1
664,48,34,1
665,48,3,2
666,48,4,2
667,48,10,2
668,48,32,2
669,48,5,3
670,48,6,3
671,48,7,4
672,48,8,4
673,49,1,1
674,49,2,1
675,49,9,1
676,49,31,1
677,49,33,1
678,49,34,1
679,49,3,2
680,49,4,2
681,49,10,2
682,49,32,2
683,49,5,3
684,49,6,3
685,49,7,4
686,49,8,4
687,50,1,1
688,50,2,1
689,50,9,1
690,50,31,1
691,50,33,1
692,50,34,1
693,50,3,2
694,50,4,2
695,50,10,2
696,50,32,2
697,50,5,3
698,50,6,3
699,50,7,4
700,50,8,4
701,51,1,1
702,51,2,1
703,51,9,1
704,51,31,1
705,51,33,1
706,51,34,1
707,51,3,2
708,51,4,2
709,51,10,2
710,51,32,2
711,51,5,3
712,51,6,3
713,51,7,4
714,51,8,4
715,52,1,1
716,52,2,1
717,52,9,1
718,52,31,1
719,52,33,1
720,52,34,1
721,52,3,2
722,52,4,2
723,52,10,2
724,52,32,2
725,52,5,3
726,52,6,3
727,52,7,4
728,52,8,4
729,53,1,1
730,53,2,1
731,53,9,1
732,53,31,1
733,53,33,1
734,53,34,1
735,53,3,2
736,53,4,2
737,53,10,2
738,53,32,2
739,53,5,3
740,53,6,3
741,53,7,4
742,53,8,4
743,54,1,1
744,54,2,1
745,54,9,1
746,54,31,1
747,54,33,1
748,54,34,1
749,54,3,2
750,54,4,2
751,54,10,2
752,54,32,2
753,54,5,3
754,54,6,3
755,54,7,4
756,54,8,4
757,55,1,1
758,55,2,1
759,55,9,1
760,55,31,1
761,55,33,1
762,55,34,1
763,55,3,2
764,55,4,2
765,55,10,2
766,55,32,2
767,55,5,3
768,55,6,3
769,55,7,4
770,55,8,4
771,56,1,1
772,56,2,1
773,56,9,1
774,56,31,1
775,56,33,1
776,56,34,1
777,56,3,2
778,56,4,2
779,56,10,2
780,56,32,2
781,56,5,3
782,56,6,3
783,56,7,4
784,56,8,4
785,57,1,1
786,57,2,1
787,57,9,1
788,57,31,1
789,57,33,1
790,57,34,1
791,57,3,2
792,57,4,2
793,57,10,2
794,57,32,2
795,57,5,3
796,57,6,3
797,57,7,4
798,57,8,4
799,58,1,1
800,58,2,1
801,58,9,1
802,58,31,1
803,58,33,1
804,58,34,1
805,58,3,2
806,58,4,2
807,58,10,2
808,58,32,2
809,58,5,3
810,58,6,3
811,58,7,4
812,58,8,4
813,59,1,1
814,59,2,1
815,59,9,1
816,59,31,1
817,59,33,1
818,59,34,1
819,59,3,2
820,59,4,2
821,59,10,2
822,59,32,2
823,59,5,3
824,59,6,3
825,59,7,4
826,59,8,4
827,60,1,1
828,60,2,1
829,60,9,1
830,60,31,1
831,60,33,1
832,60,34,1
833,60,3,2
834,60,4,2
835,60,10,2
836,60,32,2
837,60,5,3
838,60,6,3
839,60,7,4
840,60,8,4
841,61,1,1
842,61,2,1
843,61,9,1
844,61,31,1
845,61,33,1
846,61,34,1
847,61,3,2
848,61,4,2
849,61,10,2
850,61,32,2
851,61,5,3
852,61,6,3
853,61,7,4
854,61,8,4
855,62,1,1
856,62,2,1
857,62,9,1
858,62,31,1
859,62,33,1
860,62,34,1
861,62,3,2
862,62,4,2
863,62,10,2
864,62,32,2
865,62,5,3
866,62,6,3
867,62,7,4
868,62,8,4
869,63,1,1
870,63,2,1
871,63,9,1
872,63,31,1
873,63,33,1
874,63,34,1
875,63,3,2
876,63,4,2
877,63,10,2
878,63,32,2
879,63,5,3
880,63,6,3
881,63,7,4
882,63,8,4
883,64,1,1
884,64,2,1
885,64,9,1
886,64,31,1
887,64,33,1
888,64,34,1
889,64,3,2
890,64,4,2
891,64,10,2
892,64,32,2
893,64,5,3
894,64,6,3
895,64,7,4
896,64,8,4
897,65,1,1
898,65,2,1
899,65,9,1
900,65,31,1
901,65,33,1
902,65,34,1
903,65,3,2
904,65,4,2
905,65,10,2
906,65,32,2
907,65,5,3
908,65,6,3
909,65,7,4
910,65,8,4
911,66,1,1
912,66,2,1
913,66,9,1
914,66,31,1
915,66,33,1
916,66,34,1
917,66,3,2
918,66,4,2
919,66,10,2
920,66,32,2
921,66,5,3
922,66,6,3
923,66,7,4
924,66,8,4
925,67,1,1
926,67,2,1
927,67,9,1
928,67,31,1
929,67,33,1
930,67,34,1
931,67,3,2
932,67,4,2
933,67,10,2
934,67,32,2
935,67,5,3
936,67,6,3
937,67,7,4
938,67,8,4
939,68,1,1
940,68,2,1
941,68,9,1
942,68,31,1
943,68,33,1
944,68,34,1
945,68,3,2
946,68,4,2
947,68,10,2
948,68,32,2
949,68,5,3
950,68,6,3
951,68,7,4
952,68,8,4
953,69,1,1
954,69,2,1
955,69,9,1
956,69,31,1
957,69,33,1
958,69,34,1
959,69,3,2
960,69,4,2
961,69,10,2
962,69,32,2
963,69,5,3
964,69,6,3
965,69,7,4
966,69,8,4
967,70,1,1
968,70,2,1
969,70,9,1
970,70,31,1
971,70,33,1
972,70,34,1
973,70,3,2
974,70,4,2
975,70,10,2
976,70,32,2
977,70,5,3
978,70,6,3
979,70,7,4
980,70,8,4
981,71,1,1
982,71,2,1
983,71,9,1
984,71,31,1
985,71,33,1
986,71,34,1
987,71,3,2
988,71,4,2
989,71,10,2
990,71,32,2
991,71,5,3
992,71,6,3
993,71,7,4
994,71,8,4
995,72,1,1
996,72,2,1
997,72,9,1
998,72,31,1
999,72,33,1
1000,72,34,1
1001,72,3,2
1002,72,4,2
1003,72,10,2
1004,72,32,2
1005,72,5,3
1006,72,6,3
1007,72,7,4
1008,72,8,4
1009,73,1,1
1010,73,2,1
1011,73,9,1
1012,73,31,1
1013,73,33,1
1014,73,34,1
1015,73,3,2
1016,73,4,2
1017,73,10,2
1018,73,32,2
1019,73,5,3
1020,73,6,3
1021,73,7,4
1022,73,8,4
1023,74,1,1
1024,74,2,1
1025,74,9,1
1026,74,31,1
1027,74,33,1
1028,74,34,1
1029,74,3,2
1030,74,4,2
1031,74,10,2
1032,74,32,2
1033,74,5,3
1034,74,6,3
1035,74,7,4
1036,74,8,4
1037,75,1,1
1038,75,2,1
1039,75,9,1
1040,75,31,1
1041,75,33,1
1042,75,34,1
1043,75,3,2
1044,75,4,2
1045,75,10,2
1046,75,32,2
1047,75,5,3
1048,75,6,3
1049,75,7,4
1050,75,8,4
1051,76,1,1
1052,76,2,1
1053,76,9,1
1054,76,31,1
1055,76,33,1
1056,76,34,1
1057,76,3,2
1058,76,4,2
1059,76,10,2
1060,76,32,2
1061,76,5,3
1062,76,6,3
1063,76,7,4
1064,76,8,4
1065,77,1,1
1066,77,2,1
1067,77,9,1
1068,77,31,1
1069,77,33,1
1070,77,34,1
1071,77,3,2
1072,77,4,2
1073,77,10,2
1074,77,32,2
1075,77,5,3
1076,77,6,3
1077,77,7,4
1078,77,8,4
1079,78,1,1
1080,78,2,1
1081,78,9,1
1082,78,31,1
1083,78,33,1
1084,78,34,1
1085,78,3,2
1086,78,4,2
1087,78,10,2
1088,78,32,2
1089,78,5,3
1090,78,6,3
1091,78,7,4
1092,78,8,4
1093,79,1,1
1094,79,2,1
1095,79,9,1
1096,79,31,1
1097,79,33,1
1098,79,34,1
1099,79,3,2
1100,79,4,2
1101,79,10,2
1102,79,32,2
1103,79,5,3
1104,79,6,3
1105,79,7,4
1106,79,8,4
1107,80,1,1
1108,80,2,1
1109,80,9,1
1110,80,31,1
1111,80,33,1
1112,80,34,1
1113,80,3,2
1114,80,4,2
1115,80,10,2
1116,80,32,2
1117,80,5,3
1118,80,6,3
1119,80,7,4
1120,80,8,4
1121,81,1,1
1122,81,2,1
1123,81,9,1
1124,81,31,1
1125,81,33,1
1126,81,34,1
1127,81,3,2
1128,81,4,2
1129,81,10,2
1130,81,32,2
1131,81,5,3
1132,81,6,3
1133,81,7,4
1134,81,8,4
1135,82,1,1
1136,82,2,1
1137,82,9,1
1138,82,31,1
1139,82,33,1
1140,82,34,1
1141,82,3,2
1142,82,4,2
1143,82,10,2
1144,82,32,2
1145,82,5,3
1146,82,6,3
1147,82,7,4
1148,82,8,4
1149,83,1,1
1150,83,2,1
1151,83,9,1
1152,83,31,1
1153,83,33,1
1154,83,34,1
1155,83,3,2
1156,83,4,2
1157,83,10,2
1158,83,32,2
1159,83,5,3
1160,83,6,3
1161,83,7,4
1162,83,8,4
1163,84,1,1
1164,84,2,1
1165,84,9,1
1166,84,31,1
1167,84,33,1
1168,84,34,1
1169,84,3,2
1170,84,4,2
1171,84,10,2
1172,84,32,2
1173,84,5,3
1174,84,6,3
1175,84,7,4
1176,84,8,4
1177,85,1,1
1178,85,2,1
1179,85,9,1
1180,85,31,1
1181,85,33,1
1182,85,34,1
1183,85,3,2
1184,85,4,2
1185,85,10,2
1186,85,32,2
1187,85,5,3
1188,85,6,3
1189,85,7,4
1190,85,8,4
1191,86,1,1
1192,86,2,1
1193,86,9,1
1194,86,31,1
1195,86,33,1
1196,86,34,1
1197,86,3,2
1198,86,4,2
1199,86,10,2
1200,86,32,2
1201,86,5,3
1202,86,6,3
1203,86,7,4
1204,86,8,4
1205,87,1,1
1206,87,2,1
1207,87,9,1
1208,87,31,1
1209,87,33,1
1210,87,34,1
1211,87,3,2
1212,87,4,2
1213,87,10,2
1214,87,32,2
1215,87,5,3
1216,87,6,3
1217,87,7,4
1218,87,8,4
1219,88,1,1
1220,88,2,1
1221,88,9,1
1222,88,31,1
1223,88,33,1
1224,88,34,1
1225,88,3,2
1226,88,4,2
1227,88,10,2
1228,88,32,2
1229,88,5,3
1230,88,6,3
1231,88,7,4
1232,88,8,4
1233,89,1,1
1234,89,2,1
1235,89,9,1
1236,89,31,1
1237,89,33,1
1238,89,34,1
1239,89,3,2
1240,89,4,2
1241,89,10,2
1242,89,32,2
1243,89,5,3
1244,89,6,3
1245,89,7,4
1246,89,8,4
1247,90,1,1
1248,90,2,1
1249,90,9,1
1250,90,31,1
1251,90,33,1
1252,90,34,1
1253,90,3,2
1254,90,4,2
1255,90,10,2
1256,90,32,2
1257,90,5,3
1258,90,6,3
1259,90,7,4
1260,90,8,4
1261,91,1,1
1262,91,2,1
1263,91,9,1
1264,91,31,1
1265,91,33,1
1266,91,34,1
1267,91,3,2
1268,91,4,2
1269,91,10,2
1270,91,32,2
1271,91,5,3
1272,91,6,3
1273,91,7,4
1274,91,8,4
1275,92,1,1
1276,92,2,1
1277,92,9,1
1278,92,31,1
1279,92,33,1
1280,92,34,1
1281,92,3,2
1282,92,4,2
1283,92,10,2
1284,92,32,2
1285,92,5,3
1286,92,6,3
1287,92,7,4
1288,92,8,4
1289,93,1,1
1290,93,2,1
1291,93,9,1
1292,93,31,1
1293,93,33,1
1294,93,34,1
1295,93,3,2
1296,93,4,2
1297,93,10,2
1298,93,32,2
1299,93,5,3
1300,93,6,3
1301,93,7,4
1302,93,8,4
1303,94,1,1
1304,94,2,1
1305,94,9,1
1306,94,31,1
1307,94,33,1
1308,94,34,1
1309,94,3,2
1310,94,4,2
1311,94,10,2
1312,94,32,2
1313,94,5,3
1314,94,6,3
1315,94,7,4
1316,94,8,4
1317,95,1,1
1318,95,2,1
1319,95,9,1
1320,95,31,1
1321,95,33,1
1322,95,34,1
1323,95,3,2
1324,95,4,2
1325,95,10,2
1326,95,32,2
1327,95,5,3
1328,95,6,3
1329,95,7,4
1330,95,8,4
1331,96,1,1
1332,96,2,1
1333,96,9,1
1334,96,31,1
1335,96,33,1
1336,96,34,1
1337,96,3,2
1338,96,4,2
1339,96,10,2
1340,96,32,2
1341,96,5,3
1342,96,6,3
1343,96,7,4
1344,96,8,4
1345,97,1,1
1346,97,2,1
1347,97,9,1
1348,97,31,1
1349,97,33,1
1350,97,34,1
1351,97,3,2
1352,97,4,2
1353,97,10,2
1354,97,32,2
1355,97,5,3
1356,97,6,3
1357,97,7,4
1358,97,8,4
1359,98,1,1
1360,98,2,1
1361,98,9,1
1362,98,31,1
1363,98,33,1
1364,98,34,1
1365,98,3,2
1366,98,4,2
1367,98,10,2
1368,98,32,2
1369,98,5,3
1370,98,6,3
1371,98,7,4
1372,98,8,4
1373,99,1,1
1374,99,2,1
1375,99,9,1
1376,99,31,1
1377,99,33,1
1378,99,34,1
1379,99,3,2
1380,99,4,2
1381,99,10,2
1382,99,32,2
1383,99,5,3
1384,99,6,3
1385,99,7,4
1386,99,8,4
1387,100,1,1
1388,100,2,1
1389,100,9,1
1390,100,31,1
1391,100,33,1
1392,100,34,1
1393,100,3,2
1394,100,4,2
1395,100,10,2
1396,100,32,2
1397,100,5,3
1398,100,6,3
1399,100,7,4
1400,100,8,4
1401,101,11,1
1402,101,31,1
1403,101,33,1
1404,101,34,1
1405,101,15,1
1406,101,12,2
1407,101,32,2
1408,101,13,3
1409,101,14,4
1410,102,11,1
1411,102,31,1
1412,102,33,1
1413,102,34,1
1414,102,15,1
1415,102,12,2
1416,102,32,2
1417,102,13,3
1418,102,14,4
1419,103,11,1
1420,103,31,1
1421,103,33,1
1422,103,34,1
1423,103,15,1
1424,103,12,2
1425,103,32,2
1426,103,13,3
1427,103,14,4
1428,104,11,1
1429,104,31,1
1430,104,33,1
1431,104,34,1
1432,104,15,1
1433,104,12,2
1434,104,32,2
1435,104,13,3
1436,104,14,4
1437,105,11,1
1438,105,31,1
1439,105,33,1
1440,105,34,1
1441,105,15,1
1442,105,12,2
1443,105,32,2
1444,105,13,3
1445,105,14,4
1446,106,11,1
1447,106,31,1
1448,106,33,1
1449,106,34,1
1450,106,15,1
1451,106,12,2
1452,106,32,2
1453,106,13,3
1454,106,14,4
1455,107,11,1
1456,107,31,1
1457,107,33,1
1458,107,34,1
1459,107,15,1
1460,107,12,2
1461,107,32,2
1462,107,13,3
1463,107,14,4
1464,108,11,1
1465,108,31,1
1466,108,33,1
1467,108,34,1
1468,108,15,1
1469,108,12,2
1470,108,32,2
1471,108,13,3
1472,108,14,4
1473,109,11,1
1474,109,31,1
1475,109,33,1
1476,109,34,1
1477,109,15,1
1478,109,12,2
1479,109,32,2
1480,109,13,3
1481,109,14,4
1482,110,11,1
1483,110,31,1
1484,110,33,1
1485,110,34,1
1486,110,15,1
1487,110,12,2
1488,110,32,2
1489,110,13,3
1490,110,14,4
1491,111,11,1
1492,111,31,1
1493,111,33,1
1494,111,34,1
1495,111,15,1
1496,111,12,2
1497,111,32,2
1498,111,13,3
1499,111,14,4
1500,112,11,1
1501,112,31,1
1502,112,33,1
1503,112,34,1
1504,112,15,1
1505,112,12,2
1506,112,32,2
1507,112,13,3
1508,112,14,4
1509,113,11,1
1510,113,31,1
1511,113,33,1
1512,113,34,1
1513,113,15,1
1514,113,12,2
1515,113,32,2
1516,113,13,3
1517,113,14,4
1518,114,11,1
1519,114,31,1
1520,114,33,1
1521,114,34,1
1522,114,15,1
1523,114,12,2
1524,114,32,2
1525,114,13,3
1526,114,14,4
1527,115,11,1
1528,115,31,1
1529,115,33,1
1530,115,34,1
1531,115,15,1
1532,115,12,2
1533,115,32,2
1534,115,13,3
1535,115,14,4
1536,116,11,1
1537,116,31,1
1538,116,33,1
1539,116,34,1
1540,116,15,1
1541,116,12,2
1542,116,32,2
1543,116,13,3
1544,116,14,4
1545,117,11,1
1546,117,31,1
1547,117,33,1
1548,117,34,1
1549,117,15,1
1550,117,12,2
1551,117,32,2
1552,117,13,3
1553,117,14,4
1554,118,11,1
1555,118,31,1
1556,118,33,1
1557,118,34,1
1558,118,15,1
1559,118,12,2
1560,118,32,2
1561,118,13,3
1562,118,14,4
1563,119,11,1
1564,119,31,1
1565,119,33,1
1566,119,34,1
1567,119,15,1
1568,119,12,2
1569,119,32,2
1570,119,13,3
1571,119,14,4
1572,120,11,1
1573,120,31,1
1574,120,33,1
1575,120,34,1
1576,120,15,1
1577,120,12,2
1578,120,32,2
1579,120,13,3
1580,120,14,4
1581,121,11,1
1582,121,31,1
1583,121,33,1
1584,121,34,1
1585,121,15,1
1586,121,12,2
1587,121,32,2
1588,121,13,3
1589,121,14,4
1590,122,11,1
1591,122,31,1
1592,122,33,1
1593,122,34,1
1594,122,15,1
1595,122,12,2
1596,122,32,2
1597,122,13,3
1598,122,14,4
1599,123,11,1
1600,123,31,1
1601,123,33,1
1602,123,34,1
1603,123,15,1
1604,123,12,2
1605,123,32,2
1606,123,13,3
1607,123,14,4
1608,124,11,1
1609,124,31,1
1610,124,33,1
1611,124,34,1
1612,124,15,1
1613,124,12,2
1614,124,32,2
1615,124,13,3
1616,124,14,4
1617,125,11,1
1618,125,31,1
1619,125,33,1
1620,125,34,1
1621,125,15,1
1622,125,12,2
1623,125,32,2
1624,125,13,3
1625,125,14,4
1626,126,11,1
1627,126,31,1
1628,126,33,1
1629,126,34,1
1630,126,15,1
1631,126,12,2
1632,126,32,2
1633,126,13,3
1634,126,14,4
1635,127,11,1
1636,127,31,1
1637,127,33,1
1638,127,34,1
1639,127,15,1
1640,127,12,2
1641,127,32,2
1642,127,13,3
1643,127,14,4
1644,128,11,1
1645,128,31,1
1646,128,33,1
1647,128,34,1
1648,128,15,1
1649,128,12,2
1650,128,32,2
1651,128,13,3
1652,128,14,4
1653,129,11,1
1654,129,31,1
1655,129,33,1
1656,129,34,1
1657,129,15,1
1658,129,12,2
1659,129,32,2
1660,129,13,3
1661,129,14,4
1662,130,11,1
1663,130,31,1
1664,130,33,1
1665,130,34,1
1666,130,15,1
1667,130,12,2
1668,130,32,2
1669,130,13,3
1670,130,14,4
1671,131,11,1
1672,131,31,1
1673,131,33,1
1674,131,34,1
1675,131,15,1
1676,131,12,2
1677,131,32,2
1678,131,13,3
1679,131,14,4
1680,132,11,1
1681,132,31,1
1682,132,33,1
1683,132,34,1
1684,132,15,1
1685,132,12,2
1686,132,32,2
1687,132,13,3
1688,132,14,4
1689,133,11,1
1690,133,31,1
1691,133,33,1
1692,133,34,1
1693,133,15,1
1694,133,12,2
1695,133,32,2
1696,133,13,3
1697,133,14,4
1698,134,11,1
1699,134,31,1
1700,134,33,1
1701,134,34,1
1702,134,15,1
1703,134,12,2
1704,134,32,2
1705,134,13,3
1706,134,14,4
1707,135,11,1
1708,135,31,1
1709,135,33,1
1710,135,34,1
1711,135,15,1
1712,135,12,2
1713,135,32,2
1714,135,13,3
1715,135,14,4
1716,136,11,1
1717,136,31,1
1718,136,33,1
1719,136,34,1
1720,136,15,1
1721,136,12,2
1722,136,32,2
1723,136,13,3
1724,136,14,4
1725,137,11,1
1726,137,31,1
1727,137,33,1
1728,137,34,1
1729,137,15,1
1730,137,12,2
1731,137,32,2
1732,137,13,3
1733,137,14,4
1734,138,11,1
1735,138,31,1
1736,138,33,1
1737,138,34,1
1738,138,15,1
1739,138,12,2
1740,138,32,2
1741,138,13,3
1742,138,14,4
1743,139,11,1
1744,139,31,1
1745,139,33,1
1746,139,34,1
1747,139,15,1
1748,139,12,2
1749,139,32,2
1750,139,13,3
1751,139,14,4
1752,140,11,1
1753,140,31,1
1754,140,33,1
1755,140,34,1
1756,140,15,1
1757,140,12,2
1758,140,32,2
1759,140,13,3
1760,140,14,4
1761,141,11,1
1762,141,31,1
1763,141,33,1
1764,141,34,1
1765,141,15,1
1766,141,12,2
1767,141,32,2
1768,141,13,3
1769,141,14,4
1770,142,11,1
1771,142,31,1
1772,142,33,1
1773,142,34,1
1774,142,15,1
1775,142,12,2
1776,142,32,2
1777,142,13,3
1778,142,14,4
1779,143,11,1
1780,143,31,1
1781,143,33,1
1782,143,34,1
1783,143,15,1
1784,143,12,2
1785,143,32,2
1786,143,13,3
1787,143,14,4
1788,144,11,1
1789,144,31,1
1790,144,33,1
1791,144,34,1
1792,144,15,1
1793,144,12,2
1794,144,32,2
1795,144,13,3
1796,144,14,4
1797,145,11,1
1798,145,31,1
1799,145,33,1
1800,145,34,1
1801,145,15,1
1802,145,12,2
1803,145,32,2
1804,145,13,3
1805,145,14,4
1806,146,11,1
1807,146,31,1
1808,146,33,1
1809,146,34,1
1810,146,15,1
1811,146,12,2
1812,146,32,2
1813,146,13,3
1814,146,14,4
1815,147,11,1
1816,147,31,1
1817,147,33,1
1818,147,34,1
1819,147,15,1
1820,147,12,2
1821,147,32,2
1822,147,13,3
1823,147,14,4
1824,148,11,1
1825,148,31,1
1826,148,33,1
1827,148,34,1
1828,148,15,1
1829,148,12,2
1830,148,32,2
1831,148,13,3
1832,148,14,4
1833,149,11,1
1834,149,31,1
1835,149,33,1
1836,149,34,1
1837,149,15,1
1838,149,12,2
1839,149,32,2
1840,149,13,3
1841,149,14,4
1842,150,11,1
1843,150,31,1
1844,150,33,1
1845,150,34,1
1846,150,15,1
1847,150,12,2
1848,150,32,2
1849,150,13,3
1850,150,14,4
1851,151,11,1
1852,151,31,1
1853,151,33,1
1854,151,34,1
1855,151,15,1
1856,151,12,2
1857,151,32,2
1858,151,13,3
1859,151,14,4
1860,152,11,1
1861,152,31,1
1862,152,33,1
1863,152,34,1
1864,152,15,1
1865,152,12,2
1866,152,32,2
1867,152,13,3
1868,152,14,4
1869,153,11,1
1870,153,31,1
1871,153,33,1
1872,153,34,1
1873,153,15,1
1874,153,12,2
1875,153,32,2
1876,153,13,3
1877,153,14,4
1878,154,11,1
1879,154,31,1
1880,154,33,1
1881,154,34,1
1882,154,15,1
1883,154,12,2
1884,154,32,2
1885,154,13,3
1886,154,14,4
1887,155,11,1
1888,155,31,1
1889,155,33,1
1890,155,34,1
1891,155,15,1
1892,155,12,2
1893,155,32,2
1894,155,13,3
1895,155,14,4
1896,156,11,1
1897,156,31,1
1898,156,33,1
1899,156,34,1
1900,156,15,1
1901,156,12,2
1902,156,32,2
1903,156,13,3
1904,156,14,4
1905,157,11,1
1906,157,31,1
1907,157,33,1
1908,157,34,1
1909,157,15,1
1910,157,12,2
1911,157,32,2
1912,157,13,3
1913,157,14,4
1914,158,11,1
1915,158,31,1
1916,158,33,1
1917,158,34,1
1918,158,15,1
1919,158,12,2
1920,158,32,2
1921,158,13,3
1922,158,14,4
1923,159,11,1
1924,159,31,1
1925,159,33,1
1926,159,34,1
1927,159,15,1
1928,159,12,2
1929,159,32,2
1930,159,13,3
1931,159,14,4
1932,160,11,1
1933,160,31,1
1934,160,33,1
1935,160,34,1
1936,160,15,1
1937,160,12,2
1938,160,32,2
1939,160,13,3
1940,160,14,4
1941,161,11,1
1942,161,31,1
1943,161,33,1
1944,161,34,1
1945,161,15,1
1946,161,12,2
1947,161,32,2
1948,161,13,3
1949,161,14,4
1950,162,11,1
1951,162,31,1
1952,162,33,1
1953,162,34,1
1954,162,15,1
1955,162,12,2
1956,162,32,2
1957,162,13,3
1958,162,14,4
1959,163,11,1
1960,163,31,1
1961,163,33,1
1962,163,34,1
1963,163,15,1
1964,163,12,2
1965,163,32,2
1966,163,13,3
1967,163,14,4
1968,164,11,1
1969,164,31,1
1970,164,33,1
1971,164,34,1
1972,164,15,1
1973,164,12,2
1974,164,32,2
1975,164,13,3
1976,164,14,4
1977,165,11,1
1978,165,31,1
1979,165,33,1
1980,165,34,1
1981,165,15,1
1982,165,12,2
1983,165,32,2
1984,165,13,3
1985,165,14,4
1986,166,11,1
1987,166,31,1
1988,166,33,1
1989,166,34,1
1990,166,15,1
1991,166,12,2
1992,166,32,2
1993,166,13,3
1994,166,14,4
1995,167,11,1
1996,167,31,1
1997,167,33,1
1998,167,34,1
1999,167,15,1
2000,167,12,2
2001,167,32,2
2002,167,13,3
2003,167,14,4
2004,168,11,1
2005,168,31,1
2006,168,33,1
2007,168,34,1
2008,168,15,1
2009,168,12,2
2010,168,32,2
2011,168,13,3
2012,168,14,4
2013,169,11,1
2014,169,31,1
2015,169,33,1
2016,169,34,1
2017,169,15,1
2018,169,12,2
2019,169,32,2
2020,169,13,3
2021,169,14,4
2022,170,11,1
2023,170,31,1
2024,170,33,1
2025,170,34,1
2026,170,15,1
2027,170,12,2
2028,170,32,2
2029,170,13,3
2030,170,14,4
2031,171,11,1
2032,171,31,1
2033,171,33,1
2034,171,34,1
2035,171,15,1
2036,171,12,2
2037,171,32,2
2038,171,13,3
2039,171,14,4
2040,172,11,1
2041,172,31,1
2042,172,33,1
2043,172,34,1
2044,172,15,1
2045,172,12,2
2046,172,32,2
2047,172,13,3
2048,172,14,4
2049,173,11,1
2050,173,31,1
2051,173,33,1
2052,173,34,1
2053,173,15,1
2054,173,12,2
2055,173,32,2
2056,173,13,3
2057,173,14,4
2058,174,11,1
2059,174,31,1
2060,174,33,1
2061,174,34,1
2062,174,15,1
2063,174,12,2
2064,174,32,2
2065,174,13,3
2066,174,14,4
2067,175,11,1
2068,175,31,1
2069,175,33,1
2070,175,34,1
2071,175,15,1
2072,175,12,2
2073,175,32,2
2074,175,13,3
2075,175,14,4
2076,176,11,1
2077,176,31,1
2078,176,33,1
2079,176,34,1
2080,176,15,1
2081,176,12,2
2082,176,32,2
2083,176,13,3
2084,176,14,4
2085,177,11,1
2086,177,31,1
2087,177,33,1
2088,177,34,1
2089,177,15,1
2090,177,12,2
2091,177,32,2
2092,177,13,3
2093,177,14,4
2094,178,11,1
2095,178,31,1
2096,178,33,1
2097,178,34,1
2098,178,15,1
2099,178,12,2
2100,178,32,2
2101,178,13,3
2102,178,14,4
2103,179,11,1
2104,179,31,1
2105,179,33,1
2106,179,34,1
2107,179,15,1
2108,179,12,2
2109,179,32,2
2110,179,13,3
2111,179,14,4
2112,180,11,1
2113,180,31,1
2114,180,33,1
2115,180,34,1
2116,180,15,1
2117,180,12,2
2118,180,32,2
2119,180,13,3
2120,180,14,4
2121,181,11,1
2122,181,31,1
2123,181,33,1
2124,181,34,1
2125,181,15,1
2126,181,12,2
2127,181,32,2
2128,181,13,3
2129,181,14,4
2130,182,11,1
2131,182,31,1
2132,182,33,1
2133,182,34,1
2134,182,15,1
2135,182,12,2
2136,182,32,2
2137,182,13,3
2138,182,14,4
2139,183,11,1
2140,183,31,1
2141,183,33,1
2142,183,34,1
2143,183,15,1
2144,183,12,2
2145,183,32,2
2146,183,13,3
2147,183,14,4
2148,184,11,1
2149,184,31,1
2150,184,33,1
2151,184,34,1
2152,184,15,1
2153,184,12,2
2154,184,32,2
2155,184,13,3
2156,184,14,4
2157,185,11,1
2158,185,31,1
2159,185,33,1
2160,185,34,1
2161,185,15,1
2162,185,12,2
2163,185,32,2
2164,185,13,3
2165,185,14,4
2166,186,11,1
2167,186,31,1
2168,186,33,1
2169,186,34,1
2170,186,15,1
2171,186,12,2
2172,186,32,2
2173,186,13,3
2174,186,14,4
2175,187,11,1
2176,187,31,1
2177,187,33,1
2178,187,34,1
2179,187,15,1
2180,187,12,2
2181,187,32,2
2182,187,13,3
2183,187,14,4
2184,188,11,1
2185,188,31,1
2186,188,33,1
2187,188,34,1
2188,188,15,1
2189,188,12,2
2190,188,32,2
2191,188,13,3
2192,188,14,4
2193,189,11,1
2194,189,31,1
2195,189,33,1
2196,189,34,1
2197,189,15,1
2198,189,12,2
2199,189,32,2
2200,189,13,3
2201,189,14,4
2202,190,11,1
2203,190,31,1
2204,190,33,1
2205,190,34,1
2206,190,15,1
2207,190,12,2
2208,190,32,2
2209,190,13,3
2210,190,14,4
2211,191,11,1
2212,191,31,1
2213,191,33,1
2214,191,34,1
2215,191,15,1
2216,191,12,2
2217,191,32,2
2218,191,13,3
2219,191,14,4
2220,192,11,1
2221,192,31,1
2222,192,33,1
2223,192,34,1
2224,192,15,1
2225,192,12,2
2226,192,32,2
2227,192,13,3
2228,192,14,4
2229,193,11,1
2230,193,31,1
2231,193,33,1
2232,193,34,1
2233,193,15,1
2234,193,12,2
2235,193,32,2
2236,193,13,3
2237,193,14,4
2238,194,11,1
2239,194,31,1
2240,194,33,1
2241,194,34,1
2242,194,15,1
2243,194,12,2
2244,194,32,2
2245,194,13,3
2246,194,14,4
2247,195,11,1
2248,195,31,1
2249,195,33,1
2250,195,34,1
2251,195,15,1
2252,195,12,2
2253,195,32,2
2254,195,13,3
2255,195,14,4
2256,196,11,1
2257,196,31,1
2258,196,33,1
2259,196,34,1
2260,196,15,1
2261,196,12,2
2262,196,32,2
2263,196,13,3
2264,196,14,4
2265,197,11,1
2266,197,31,1
2267,197,33,1
2268,197,34,1
2269,197,15,1
2270,197,12,2
2271,197,32,2
2272,197,13,3
2273,197,14,4
2274,198,11,1
2275,198,31,1
2276,198,33,1
2277,198,34,1
2278,198,15,1
2279,198,12,2
2280,198,32,2
2281,198,13,3
2282,198,14,4
2283,199,11,1
2284,199,31,1
2285,199,33,1
2286,199,34,1
2287,199,15,1
2288,199,12,2
2289,199,32,2
2290,199,13,3
2291,199,14,4
2292,200,11,1
2293,200,31,1
2294,200,33,1
2295,200,34,1
2296,200,15,1
2297,200,12,2
2298,200,32,2
2299,200,13,3
2300,200,14,4
2301,201,16,1
2302,201,31,1
2303,201,33,1
2304,201,34,1
2305,201,20,1
2306,201,17,2
2307,201,32,2
2308,201,18,3
2309,201,19,4
2310,202,16,1
2311,202,31,1
2312,202,33,1
2313,202,34,1
2314,202,20,1
2315,202,17,2
2316,202,32,2
2317,202,18,3
2318,202,19,4
2319,203,16,1
2320,203,31,1
2321,203,33,1
2322,203,34,1
2323,203,20,1
2324,203,17,2
2325,203,32,2
2326,203,18,3
2327,203,19,4
2328,204,16,1
2329,204,31,1
2330,204,33,1
2331,204,34,1
2332,204,20,1
2333,204,17,2
2334,204,32,2
2335,204,18,3
2336,204,19,4
2337,205,16,1
2338,205,31,1
2339,205,33,1
2340,205,34,1
2341,205,20,1
2342,205,17,2
2343,205,32,2
2344,205,18,3
2345,205,19,4
2346,206,16,1
2347,206,31,1
2348,206,33,1
2349,206,34,1
2350,206,20,1
2351,206,17,2
2352,206,32,2
2353,206,18,3
2354,206,19,4
2355,207,16,1
2356,207,31,1
2357,207,33,1
2358,207,34,1
2359,207,20,1
2360,207,17,2
2361,207,32,2
2362,207,18,3
2363,207,19,4
2364,208,16,1
2365,208,31,1
2366,208,33,1
2367,208,34,1
2368,208,20,1
2369,208,17,2
2370,208,32,2
2371,208,18,3
2372,208,19,4
2373,209,16,1
2374,209,31,1
2375,209,33,1
2376,209,34,1
2377,209,20,1
2378,209,17,2
2379,209,32,2
2380,209,18,3
2381,209,19,4
2382,210,16,1
2383,210,31,1
2384,210,33,1
2385,210,34,1
2386,210,20,1
2387,210,17,2
2388,210,32,2
2389,210,18,3
2390,210,19,4
2391,211,16,1
2392,211,31,1
2393,211,33,1
2394,211,34,1
2395,211,20,1
2396,211,17,2
2397,211,32,2
2398,211,18,3
2399,211,19,4
2400,212,16,1
2401,212,31,1
2402,212,33,1
2403,212,34,1
2404,212,20,1
2405,212,17,2
2406,212,32,2
2407,212,18,3
2408,212,19,4
2409,213,16,1
2410,213,31,1
2411,213,33,1
2412,213,34,1
2413,213,20,1
2414,213,17,2
2415,213,32,2
2416,213,18,3
2417,213,19,4
2418,214,16,1
2419,214,31,1
2420,214,33,1
2421,214,34,1
2422,214,20,1
2423,214,17,2
2424,214,32,2
2425,214,18,3
2426,214,19,4
2427,215,16,1
2428,215,31,1
2429,215,33,1
2430,215,34,1
2431,215,20,1
2432,215,17,2
2433,215,32,2
2434,215,18,3
2435,215,19,4
2436,216,16,1
2437,216,31,1
2438,216,33,1
2439,216,34,1
2440,216,20,1
2441,216,17,2
2442,216,32,2
2443,216,18,3
2444,216,19,4
2445,217,16,1
2446,217,31,1
2447,217,33,1
2448,217,34,1
2449,217,20,1
2450,217,17,2
2451,217,32,2
2452,217,18,3
2453,217,19,4
2454,218,16,1
2455,218,31,1
2456,218,33,1
2457,218,34,1
2458,218,20,1
2459,218,17,2
2460,218,32,2
2461,218,18,3
2462,218,19,4
2463,219,16,1
2464,219,31,1
2465,219,33,1
2466,219,34,1
2467,219,20,1
2468,219,17,2
2469,219,32,2
2470,219,18,3
2471,219,19,4
2472,220,16,1
2473,220,31,1
2474,220,33,1
2475,220,34,1
2476,220,20,1
2477,220,17,2
2478,220,32,2
2479,220,18,3
2480,220,19,4
2481,221,16,1
2482,221,31,1
2483,221,33,1
2484,221,34,1
2485,221,20,1
2486,221,17,2
2487,221,32,2
2488,221,18,3
2489,221,19,4
2490,222,16,1
2491,222,31,1
2492,222,33,1
2493,222,34,1
2494,222,20,1
2495,222,17,2
2496,222,32,2
2497,222,18,3
2498,222,19,4
2499,223,16,1
2500,223,31,1
2501,223,33,1
2502,223,34,1
2503,223,20,1
2504,223,17,2
2505,223,32,2
2506,223,18,3
2507,223,19,4
2508,224,16,1
2509,224,31,1
2510,224,33,1
2511,224,34,1
2512,224,20,1
2513,224,17,2
2514,224,32,2
2515,224,18,3
2516,224,19,4
2517,225,16,1
2518,225,31,1
2519,225,33,1
2520,225,34,1
2521,225,20,1
2522,225,17,2
2523,225,32,2
2524,225,18,3
2525,225,19,4
2526,226,16,1
2527,226,31,1
2528,226,33,1
2529,226,34,1
2530,226,20,1
2531,226,17,2
2532,226,32,2
2533,226,18,3
2534,226,19,4
2535,227,16,1
2536,227,31,1
2537,227,33,1
2538,227,34,1
2539,227,20,1
2540,227,17,2
2541,227,32,2
2542,227,18,3
2543,227,19,4
2544,228,16,1
2545,228,31,1
2546,228,33,1
2547,228,34,1
2548,228,20,1
2549,228,17,2
2550,228,32,2
2551,228,18,3
2552,228,19,4
2553,229,16,1
2554,229,31,1
2555,229,33,1
2556,229,34,1
2557,229,20,1
2558,229,17,2
2559,229,32,2
2560,229,18,3
2561,229,19,4
2562,230,16,1
2563,230,31,1
2564,230,33,1
2565,230,34,1
2566,230,20,1
2567,230,17,2
2568,230,32,2
2569,230,18,3
2570,230,19,4
2571,231,16,1
2572,231,31,1
2573,231,33,1
2574,231,34,1
2575,231,20,1
2576,231,17,2
2577,231,32,2
2578,231,18,3
2579,231,19,4
2580,232,16,1
2581,232,31,1
2582,232,33,1
2583,232,34,1
2584,232,20,1
2585,232,17,2
2586,232,32,2
2587,232,18,3
2588,232,19,4
2589,233,16,1
2590,233,31,1
2591,233,33,1
2592,233,34,1
2593,233,20,1
2594,233,17,2
2595,233,32,2
2596,233,18,3
2597,233,19,4
2598,234,16,1
2599,234,31,1
2600,234,33,1
2601,234,34,1
2602,234,20,1
2603,234,17,2
2604,234,32,2
2605,234,18,3
2606,234,19,4
2607,235,16,1
2608,235,31,1
2609,235,33,1
2610,235,34,1
2611,235,20,1
2612,235,17,2
2613,235,32,2
2614,235,18,3
2615,235,19,4
2616,236,16,1
2617,236,31,1
2618,236,33,1
2619,236,34,1
2620,236,20,1
2621,236,17,2
2622,236,32,2
2623,236,18,3
2624,236,19,4
2625,237,16,1
2626,237,31,1
2627,237,33,1
2628,237,34,1
2629,237,20,1
2630,237,17,2
2631,237,32,2
2632,237,18,3
2633,237,19,4
2634,238,16,1
2635,238,31,1
2636,238,33,1
2637,238,34,1
2638,238,20,1
2639,238,17,2
2640,238,32,2
2641,238,18,3
2642,238,19,4
2643,239,16,1
2644,239,31,1
2645,239,33,1
2646,239,34,1
2647,239,20,1
2648,239,17,2
2649,239,32,2
2650,239,18,3
2651,239,19,4
2652,240,16,1
2653,240,31,1
2654,240,33,1
2655,240,34,1
2656,240,20,1
2657,240,17,2
2658,240,32,2
2659,240,18,3
2660,240,19,4
2661,241,16,1
2662,241,31,1
2663,241,33,1
2664,241,34,1
2665,241,20,1
2666,241,17,2
2667,241,32,2
2668,241,18,3
2669,241,19,4
2670,242,16,1
2671,242,31,1
2672,242,33,1
2673,242,34,1
2674,242,20,1
2675,242,17,2
2676,242,32,2
2677,242,18,3
2678,242,19,4
2679,243,16,1
2680,243,31,1
2681,243,33,1
2682,243,34,1
2683,243,20,1
2684,243,17,2
2685,243,32,2
2686,243,18,3
2687,243,19,4
2688,244,16,1
2689,244,31,1
2690,244,33,1
2691,244,34,1
2692,244,20,1
2693,244,17,2
2694,244,32,2
2695,244,18,3
2696,244,19,4
2697,245,16,1
2698,245,31,1
2699,245,33,1
2700,245,34,1
2701,245,20,1
2702,245,17,2
2703,245,32,2
2704,245,18,3
2705,245,19,4
2706,246,16,1
2707,246,31,1
2708,246,33,1
2709,246,34,1
2710,246,20,1
2711,246,17,2
2712,246,32,2
2713,246,18,3
2714,246,19,4
2715,247,16,1
2716,247,31,1
2717,247,33,1
2718,247,34,1
2719,247,20,1
2720,247,17,2
2721,247,32,2
2722,247,18,3
2723,247,19,4
2724,248,16,1
2725,248,31,1
2726,248,33,1
2727,248,34,1
2728,248,20,1
2729,248,17,2
2730,248,32,2
2731,248,18,3
2732,248,19,4
2733,249,16,1
2734,249,31,1
2735,249,33,1
2736,249,34,1
2737,249,20,1
2738,249,17,2
2739,249,32,2
2740,249,18,3
2741,249,19,4
2742,250,16,1
2743,250,31,1
2744,250,33,1
2745,250,34,1
2746,250,20,1
2747,250,17,2
2748,250,32,2
2749,250,18,3
2750,250,19,4
2751,251,16,1
2752,251,31,1
2753,251,33,1
2754,251,34,1
2755,251,20,1
2756,251,17,2
2757,251,32,2
2758,251,18,3
2759,251,19,4
2760,252,16,1
2761,252,31,1
2762,252,33,1
2763,252,34,1
2764,252,20,1
2765,252,17,2
2766,252,32,2
2767,252,18,3
2768,252,19,4
2769,253,16,1
2770,253,31,1
2771,253,33,1
2772,253,34,1
2773,253,20,1
2774,253,17,2
2775,253,32,2
2776,253,18,3
2777,253,19,4
2778,254,16,1
2779,254,31,1
2780,254,33,1
2781,254,34,1
2782,254,20,1
2783,254,17,2
2784,254,32,2
2785,254,18,3
2786,254,19,4
2787,255,16,1
2788,255,31,1
2789,255,33,1
2790,255,34,1
2791,255,20,1
2792,255,17,2
2793,255,32,2
2794,255,18,3
2795,255,19,4
2796,256,16,1
2797,256,31,1
2798,256,33,1
2799,256,34,1
2800,256,20,1
2801,256,17,2
2802,256,32,2
2803,256,18,3
2804,256,19,4
2805,257,16,1
2806,257,31,1
2807,257,33,1
2808,257,34,1
2809,257,20,1
2810,257,17,2
2811,257,32,2
2812,257,18,3
2813,257,19,4
2814,258,16,1
2815,258,31,1
2816,258,33,1
2817,258,34,1
2818,258,20,1
2819,258,17,2
2820,258,32,2
2821,258,18,3
2822,258,19,4
2823,259,16,1
2824,259,31,1
2825,259,33,1
2826,259,34,1
2827,259,20,1
2828,259,17,2
2829,259,32,2
2830,259,18,3
2831,259,19,4
2832,260,16,1
2833,260,31,1
2834,260,33,1
2835,260,34,1
2836,260,20,1
2837,260,17,2
2838,260,32,2
2839,260,18,3
2840,260,19,4
2841,261,16,1
2842,261,31,1
2843,261,33,1
2844,261,34,1
2845,261,20,1
2846,261,17,2
2847,261,32,2
2848,261,18,3
2849,261,19,4
2850,262,16,1
2851,262,31,1
2852,262,33,1
2853,262,34,1
2854,262,20,1
2855,262,17,2
2856,262,32,2
2857,262,18,3
2858,262,19,4
2859,263,16,1
2860,263,31,1
2861,263,33,1
2862,263,34,1
2863,263,20,1
2864,263,17,2
2865,263,32,2
2866,263,18,3
2867,263,19,4
2868,264,16,1
2869,264,31,1
2870,264,33,1
2871,264,34,1
2872,264,20,1
2873,264,17,2
2874,264,32,2
2875,264,18,3
2876,264,19,4
2877,265,16,1
2878,265,31,1
2879,265,33,1
2880,265,34,1
2881,265,20,1
2882,265,17,2
2883,265,32,2
2884,265,18,3
2885,265,19,4
2886,266,16,1
2887,266,31,1
2888,266,33,1
2889,266,34,1
2890,266,20,1
2891,266,17,2
2892,266,32,2
2893,266,18,3
2894,266,19,4
2895,267,16,1
2896,267,31,1
2897,267,33,1
2898,267,34,1
2899,267,20,1
2900,267,17,2
2901,267,32,2
2902,267,18,3
2903,267,19,4
2904,268,16,1
2905,268,31,1
2906,268,33,1
2907,268,34,1
2908,268,20,1
2909,268,17,2
2910,268,32,2
2911,268,18,3
2912,268,19,4
2913,269,16,1
2914,269,31,1
2915,269,33,1
2916,269,34,1
2917,269,20,1
2918,269,17,2
2919,269,32,2
2920,269,18,3
2921,269,19,4
2922,270,16,1
2923,270,31,1
2924,270,33,1
2925,270,34,1
2926,270,20,1
2927,270,17,2
2928,270,32,2
2929,270,18,3
2930,270,19,4
2931,271,16,1
2932,271,31,1
2933,271,33,1
2934,271,34,1
2935,271,20,1
2936,271,17,2
2937,271,32,2
2938,271,18,3
2939,271,19,4
2940,272,16,1
2941,272,31,1
2942,272,33,1
2943,272,34,1
2944,272,20,1
2945,272,17,2
2946,272,32,2
2947,272,18,3
2948,272,19,4
2949,273,16,1
2950,273,31,1
2951,273,33,1
2952,273,34,1
2953,273,20,1
2954,273,17,2
2955,273,32,2
2956,273,18,3
2957,273,19,4
2958,274,16,1
2959,274,31,1
2960,274,33,1
2961,274,34,1
2962,274,20,1
2963,274,17,2
2964,274,32,2
2965,274,18,3
2966,274,19,4
2967,275,16,1
2968,275,31,1
2969,275,33,1
2970,275,34,1
2971,275,20,1
2972,275,17,2
2973,275,32,2
2974,275,18,3
2975,275,19,4
2976,276,16,1
2977,276,31,1
2978,276,33,1
2979,276,34,1
2980,276,20,1
2981,276,17,2
2982,276,32,2
2983,276,18,3
2984,276,19,4
2985,277,16,1
2986,277,31,1
2987,277,33,1
2988,277,34,1
2989,277,20,1
2990,277,17,2
2991,277,32,2
2992,277,18,3
2993,277,19,4
2994,278,16,1
2995,278,31,1
2996,278,33,1
2997,278,34,1
2998,278,20,1
2999,278,17,2
3000,278,32,2
3001,278,18,3
3002,278,19,4
3003,279,16,1
3004,279,31,1
3005,279,33,1
3006,279,34,1
3007,279,20,1
3008,279,17,2
3009,279,32,2
3010,279,18,3
3011,279,19,4
3012,280,16,1
3013,280,31,1
3014,280,33,1
3015,280,34,1
3016,280,20,1
3017,280,17,2
3018,280,32,2
3019,280,18,3
3020,280,19,4
3021,281,16,1
3022,281,31,1
3023,281,33,1
3024,281,34,1
3025,281,20,1
3026,281,17,2
3027,281,32,2
3028,281,18,3
3029,281,19,4
3030,282,16,1
3031,282,31,1
3032,282,33,1
3033,282,34,1
3034,282,20,1
3035,282,17,2
3036,282,32,2
3037,282,18,3
3038,282,19,4
3039,283,16,1
3040,283,31,1
3041,283,33,1
3042,283,34,1
3043,283,20,1
3044,283,17,2
3045,283,32,2
3046,283,18,3
3047,283,19,4
3048,284,16,1
3049,284,31,1
3050,284,33,1
3051,284,34,1
3052,284,20,1
3053,284,17,2
3054,284,32,2
3055,284,18,3
3056,284,19,4
3057,285,16,1
3058,285,31,1
3059,285,33,1
3060,285,34,1
3061,285,20,1
3062,285,17,2
3063,285,32,2
3064,285,18,3
3065,285,19,4
3066,286,16,1
3067,286,31,1
3068,286,33,1
3069,286,34,1
3070,286,20,1
3071,286,17,2
3072,286,32,2
3073,286,18,3
3074,286,19,4
3075,287,16,1
3076,287,31,1
3077,287,33,1
3078,287,34,1
3079,287,20,1
3080,287,17,2
3081,287,32,2
3082,287,18,3
3083,287,19,4
3084,288,16,1
3085,288,31,1
3086,288,33,1
3087,288,34,1
3088,288,20,1
3089,288,17,2
3090,288,32,2
3091,288,18,3
3092,288,19,4
3093,289,16,1
3094,289,31,1
3095,289,33,1
3096,289,34,1
3097,289,20,1
3098,289,17,2
3099,289,32,2
3100,289,18,3
3101,289,19,4
3102,290,16,1
3103,290,31,1
3104,290,33,1
3105,290,34,1
3106,290,20,1
3107,290,17,2
3108,290,32,2
3109,290,18,3
3110,290,19,4
3111,291,16,1
3112,291,31,1
3113,291,33,1
3114,291,34,1
3115,291,20,1
3116,291,17,2
3117,291,32,2
3118,291,18,3
3119,291,19,4
3120,292,16,1
3121,292,31,1
3122,292,33,1
3123,292,34,1
3124,292,20,1
3125,292,17,2
3126,292,32,2
3127,292,18,3
3128,292,19,4
3129,293,16,1
3130,293,31,1
3131,293,33,1
3132,293,34,1
3133,293,20,1
3134,293,17,2
3135,293,32,2
3136,293,18,3
3137,293,19,4
3138,294,16,1
3139,294,31,1
3140,294,33,1
3141,294,34,1
3142,294,20,1
3143,294,17,2
3144,294,32,2
3145,294,18,3
3146,294,19,4
3147,295,16,1
3148,295,31,1
3149,295,33,1
3150,295,34,1
3151,295,20,1
3152,295,17,2
3153,295,32,2
3154,295,18,3
3155,295,19,4
3156,296,16,1
3157,296,31,1
3158,296,33,1
3159,296,34,1
3160,296,20,1
3161,296,17,2
3162,296,32,2
3163,296,18,3
3164,296,19,4
3165,297,16,1
3166,297,31,1
3167,297,33,1
3168,297,34,1
3169,297,20,1
3170,297,17,2
3171,297,32,2
3172,297,18,3
3173,297,19,4
3174,298,16,1
3175,298,31,1
3176,298,33,1
3177,298,34,1
3178,298,20,1
3179,298,17,2
3180,298,32,2
3181,298,18,3
3182,298,19,4
3183,299,16,1
3184,299,31,1
3185,299,33,1
3186,299,34,1
3187,299,20,1
3188,299,17,2
3189,299,32,2
3190,299,18,3
3191,299,19,4
3192,300,16,1
3193,300,31,1
3194,300,33,1
3195,300,34,1
3196,300,20,1
3197,300,17,2
3198,300,32,2
3199,300,18,3
3200,300,19,4
3201,301,21,1
3202,301,31,1
3203,301,33,1
3204,301,34,1
3205,301,25,1
3206,301,22,2
3207,301,32,2
3208,301,23,3
3209,301,24,4
3210,302,21,1
3211,302,31,1
3212,302,33,1
3213,302,34,1
3214,302,25,1
3215,302,22,2
3216,302,32,2
3217,302,23,3
3218,302,24,4
3219,303,21,1
3220,303,31,1
3221,303,33,1
3222,303,34,1
3223,303,25,1
3224,303,22,2
3225,303,32,2
3226,303,23,3
3227,303,24,4
3228,304,21,1
3229,304,31,1
3230,304,33,1
3231,304,34,1
3232,304,25,1
3233,304,22,2
3234,304,32,2
3235,304,23,3
3236,304,24,4
3237,305,21,1
3238,305,31,1
3239,305,33,1
3240,305,34,1
3241,305,25,1
3242,305,22,2
3243,305,32,2
3244,305,23,3
3245,305,24,4
3246,306,21,1
3247,306,31,1
3248,306,33,1
3249,306,34,1
3250,306,25,1
3251,306,22,2
3252,306,32,2
3253,306,23,3
3254,306,24,4
3255,307,21,1
3256,307,31,1
3257,307,33,1
3258,307,34,1
3259,307,25,1
3260,307,22,2
3261,307,32,2
3262,307,23,3
3263,307,24,4
3264,308,21,1
3265,308,31,1
3266,308,33,1
3267,308,34,1
3268,308,25,1
3269,308,22,2
3270,308,32,2
3271,308,23,3
3272,308,24,4
3273,309,21,1
3274,309,31,1
3275,309,33,1
3276,309,34,1
3277,309,25,1
3278,309,22,2
3279,309,32,2
3280,309,23,3
3281,309,24,4
3282,310,21,1
3283,310,31,1
3284,310,33,1
3285,310,34,1
3286,310,25,1
3287,310,22,2
3288,310,32,2
3289,310,23,3
3290,310,24,4
3291,311,21,1
3292,311,31,1
3293,311,33,1
3294,311,34,1
3295,311,25,1
3296,311,22,2
3297,311,32,2
3298,311,23,3
3299,311,24,4
3300,312,21,1
3301,312,31,1
3302,312,33,1
3303,312,34,1
3304,312,25,1
3305,312,22,2
3306,312,32,2
3307,312,23,3
3308,312,24,4
3309,313,21,1
3310,313,31,1
3311,313,33,1
3312,313,34,1
3313,313,25,1
3314,313,22,2
3315,313,32,2
3316,313,23,3
3317,313,24,4
3318,314,21,1
3319,314,31,1
3320,314,33,1
3321,314,34,1
3322,314,25,1
3323,314,22,2
3324,314,32,2
3325,314,23,3
3326,314,24,4
3327,315,21,1
3328,315,31,1
3329,315,33,1
3330,315,34,1
3331,315,25,1
3332,315,22,2
3333,315,32,2
3334,315,23,3
3335,315,24,4
3336,316,21,1
3337,316,31,1
3338,316,33,1
3339,316,34,1
3340,316,25,1
3341,316,22,2
3342,316,32,2
3343,316,23,3
3344,316,24,4
3345,317,21,1
3346,317,31,1
3347,317,33,1
3348,317,34,1
3349,317,25,1
3350,317,22,2
3351,317,32,2
3352,317,23,3
3353,317,24,4
3354,318,21,1
3355,318,31,1
3356,318,33,1
3357,318,34,1
3358,318,25,1
3359,318,22,2
3360,318,32,2
3361,318,23,3
3362,318,24,4
3363,319,21,1
3364,319,31,1
3365,319,33,1
3366,319,34,1
3367,319,25,1
3368,319,22,2
3369,319,32,2
3370,319,23,3
3371,319,24,4
3372,320,21,1
3373,320,31,1
3374,320,33,1
3375,320,34,1
3376,320,25,1
3377,320,22,2
3378,320,32,2
3379,320,23,3
3380,320,24,4
3381,321,21,1
3382,321,31,1
3383,321,33,1
3384,321,34,1
3385,321,25,1
3386,321,22,2
3387,321,32,2
3388,321,23,3
3389,321,24,4
3390,322,21,1
3391,322,31,1
3392,322,33,1
3393,322,34,1
3394,322,25,1
3395,322,22,2
3396,322,32,2
3397,322,23,3
3398,322,24,4
3399,323,21,1
3400,323,31,1
3401,323,33,1
3402,323,34,1
3403,323,25,1
3404,323,22,2
3405,323,32,2
3406,323,23,3
3407,323,24,4
3408,324,21,1
3409,324,31,1
3410,324,33,1
3411,324,34,1
3412,324,25,1
3413,324,22,2
3414,324,32,2
3415,324,23,3
3416,324,24,4
3417,325,21,1
3418,325,31,1
3419,325,33,1
3420,325,34,1
3421,325,25,1
3422,325,22,2
3423,325,32,2
3424,325,23,3
3425,325,24,4
3426,326,21,1
3427,326,31,1
3428,326,33,1
3429,326,34,1
3430,326,25,1
3431,326,22,2
3432,326,32,2
3433,326,23,3
3434,326,24,4
3435,327,21,1
3436,327,31,1
3437,327,33,1
3438,327,34,1
3439,327,25,1
3440,327,22,2
3441,327,32,2
3442,327,23,3
3443,327,24,4
3444,328,21,1
3445,328,31,1
3446,328,33,1
3447,328,34,1
3448,328,25,1
3449,328,22,2
3450,328,32,2
3451,328,23,3
3452,328,24,4
3453,329,21,1
3454,329,31,1
3455,329,33,1
3456,329,34,1
3457,329,25,1
3458,329,22,2
3459,329,32,2
3460,329,23,3
3461,329,24,4
3462,330,21,1
3463,330,31,1
3464,330,33,1
3465,330,34,1
3466,330,25,1
3467,330,22,2
3468,330,32,2
3469,330,23,3
3470,330,24,4
3471,331,21,1
3472,331,31,1
3473,331,33,1
3474,331,34,1
3475,331,25,1
3476,331,22,2
3477,331,32,2
3478,331,23,3
3479,331,24,4
3480,332,21,1
3481,332,31,1
3482,332,33,1
3483,332,34,1
3484,332,25,1
3485,332,22,2
3486,332,32,2
3487,332,23,3
3488,332,24,4
3489,333,21,1
3490,333,31,1
3491,333,33,1
3492,333,34,1
3493,333,25,1
3494,333,22,2
3495,333,32,2
3496,333,23,3
3497,333,24,4
3498,334,21,1
3499,334,31,1
3500,334,33,1
3501,334,34,1
3502,334,25,1
3503,334,22,2
3504,334,32,2
3505,334,23,3
3506,334,24,4
3507,335,21,1
3508,335,31,1
3509,335,33,1
3510,335,34,1
3511,335,25,1
3512,335,22,2
3513,335,32,2
3514,335,23,3
3515,335,24,4
3516,336,21,1
3517,336,31,1
3518,336,33,1
3519,336,34,1
3520,336,25,1
3521,336,22,2
3522,336,32,2
3523,336,23,3
3524,336,24,4
3525,337,21,1
3526,337,31,1
3527,337,33,1
3528,337,34,1
3529,337,25,1
3530,337,22,2
3531,337,32,2
3532,337,23,3
3533,337,24,4
3534,338,21,1
3535,338,31,1
3536,338,33,1
3537,338,34,1
3538,338,25,1
3539,338,22,2
3540,338,32,2
3541,338,23,3
3542,338,24,4
3543,339,21,1
3544,339,31,1
3545,339,33,1
3546,339,34,1
3547,339,25,1
3548,339,22,2
3549,339,32,2
3550,339,23,3
3551,339,24,4
3552,340,21,1
3553,340,31,1
3554,340,33,1
3555,340,34,1
3556,340,25,1
3557,340,22,2
3558,340,32,2
3559,340,23,3
3560,340,24,4
3561,341,21,1
3562,341,31,1
3563,341,33,1
3564,341,34,1
3565,341,25,1
3566,341,22,2
3567,341,32,2
3568,341,23,3
3569,341,24,4
3570,342,21,1
3571,342,31,1
3572,342,33,1
3573,342,34,1
3574,342,25,1
3575,342,22,2
3576,342,32,2
3577,342,23,3
3578,342,24,4
3579,343,21,1
3580,343,31,1
3581,343,33,1
3582,343,34,1
3583,343,25,1
3584,343,22,2
3585,343,32,2
3586,343,23,3
3587,343,24,4
3588,344,21,1
3589,344,31,1
3590,344,33,1
3591,344,34,1
3592,344,25,1
3593,344,22,2
3594,344,32,2
3595,344,23,3
3596,344,24,4
3597,345,21,1
3598,345,31,1
3599,345,33,1
3600,345,34,1
3601,345,25,1
3602,345,22,2
3603,345,32,2
3604,345,23,3
3605,345,24,4
3606,346,21,1
3607,346,31,1
3608,346,33,1
3609,346,34,1
3610,346,25,1
3611,346,22,2
3612,346,32,2
3613,346,23,3
3614,346,24,4
3615,347,21,1
3616,347,31,1
3617,347,33,1
3618,347,34,1
3619,347,25,1
3620,347,22,2
3621,347,32,2
3622,347,23,3
3623,347,24,4
3624,348,21,1
3625,348,31,1
3626,348,33,1
3627,348,34,1
3628,348,25,1
3629,348,22,2
3630,348,32,2
3631,348,23,3
3632,348,24,4
3633,349,21,1
3634,349,31,1
3635,349,33,1
3636,349,34,1
3637,349,25,1
3638,349,22,2
3639,349,32,2
3640,349,23,3
3641,349,24,4
3642,350,21,1
3643,350,31,1
3644,350,33,1
3645,350,34,1
3646,350,25,1
3647,350,22,2
3648,350,32,2
3649,350,23,3
3650,350,24,4
3651,351,21,1
3652,351,31,1
3653,351,33,1
3654,351,34,1
3655,351,25,1
3656,351,22,2
3657,351,32,2
3658,351,23,3
3659,351,24,4
3660,352,21,1
3661,352,31,1
3662,352,33,1
3663,352,34,1
3664,352,25,1
3665,352,22,2
3666,352,32,2
3667,352,23,3
3668,352,24,4
3669,353,21,1
3670,353,31,1
3671,353,33,1
3672,353,34,1
3673,353,25,1
3674,353,22,2
3675,353,32,2
3676,353,23,3
3677,353,24,4
3678,354,21,1
3679,354,31,1
3680,354,33,1
3681,354,34,1
3682,354,25,1
3683,354,22,2
3684,354,32,2
3685,354,23,3
3686,354,24,4
3687,355,21,1
3688,355,31,1
3689,355,33,1
3690,355,34,1
3691,355,25,1
3692,355,22,2
3693,355,32,2
3694,355,23,3
3695,355,24,4
3696,356,21,1
3697,356,31,1
3698,356,33,1
3699,356,34,1
3700,356,25,1
3701,356,22,2
3702,356,32,2
3703,356,23,3
3704,356,24,4
3705,357,21,1
3706,357,31,1
3707,357,33,1
3708,357,34,1
3709,357,25,1
3710,357,22,2
3711,357,32,2
3712,357,23,3
3713,357,24,4
3714,358,21,1
3715,358,31,1
3716,358,33,1
3717,358,34,1
3718,358,25,1
3719,358,22,2
3720,358,32,2
3721,358,23,3
3722,358,24,4
3723,359,21,1
3724,359,31,1
3725,359,33,1
3726,359,34,1
3727,359,25,1
3728,359,22,2
3729,359,32,2
3730,359,23,3
3731,359,24,4
3732,360,21,1
3733,360,31,1
3734,360,33,1
3735,360,34,1
3736,360,25,1
3737,360,22,2
3738,360,32,2
3739,360,23,3
3740,360,24,4
3741,361,21,1
3742,361,31,1
3743,361,33,1
3744,361,34,1
3745,361,25,1
3746,361,22,2
3747,361,32,2
3748,361,23,3
3749,361,24,4
3750,362,21,1
3751,362,31,1
3752,362,33,1
3753,362,34,1
3754,362,25,1
3755,362,22,2
3756,362,32,2
3757,362,23,3
3758,362,24,4
3759,363,21,1
3760,363,31,1
3761,363,33,1
3762,363,34,1
3763,363,25,1
3764,363,22,2
3765,363,32,2
3766,363,23,3
3767,363,24,4
3768,364,21,1
3769,364,31,1
3770,364,33,1
3771,364,34,1
3772,364,25,1
3773,364,22,2
3774,364,32,2
3775,364,23,3
3776,364,24,4
3777,365,21,1
3778,365,31,1
3779,365,33,1
3780,365,34,1
3781,365,25,1
3782,365,22,2
3783,365,32,2
3784,365,23,3
3785,365,24,4
3786,366,21,1
3787,366,31,1
3788,366,33,1
3789,366,34,1
3790,366,25,1
3791,366,22,2
3792,366,32,2
3793,366,23,3
3794,366,24,4
3795,367,21,1
3796,367,31,1
3797,367,33,1
3798,367,34,1
3799,367,25,1
3800,367,22,2
3801,367,32,2
3802,367,23,3
3803,367,24,4
3804,368,21,1
3805,368,31,1
3806,368,33,1
3807,368,34,1
3808,368,25,1
3809,368,22,2
3810,368,32,2
3811,368,23,3
3812,368,24,4
3813,369,21,1
3814,369,31,1
3815,369,33,1
3816,369,34,1
3817,369,25,1
3818,369,22,2
3819,369,32,2
3820,369,23,3
3821,369,24,4
3822,370,21,1
3823,370,31,1
3824,370,33,1
3825,370,34,1
3826,370,25,1
3827,370,22,2
3828,370,32,2
3829,370,23,3
3830,370,24,4
3831,371,21,1
3832,371,31,1
3833,371,33,1
3834,371,34,1
3835,371,25,1
3836,371,22,2
3837,371,32,2
3838,371,23,3
3839,371,24,4
3840,372,21,1
3841,372,31,1
3842,372,33,1
3843,372,34,1
3844,372,25,1
3845,372,22,2
3846,372,32,2
3847,372,23,3
3848,372,24,4
3849,373,21,1
3850,373,31,1
3851,373,33,1
3852,373,34,1
3853,373,25,1
3854,373,22,2
3855,373,32,2
3856,373,23,3
3857,373,24,4
3858,374,21,1
3859,374,31,1
3860,374,33,1
3861,374,34,1
3862,374,25,1
3863,374,22,2
3864,374,32,2
3865,374,23,3
3866,374,24,4
3867,375,21,1
3868,375,31,1
3869,375,33,1
3870,375,34,1
3871,375,25,1
3872,375,22,2
3873,375,32,2
3874,375,23,3
3875,375,24,4
3876,376,21,1
3877,376,31,1
3878,376,33,1
3879,376,34,1
3880,376,25,1
3881,376,22,2
3882,376,32,2
3883,376,23,3
3884,376,24,4
3885,377,21,1
3886,377,31,1
3887,377,33,1
3888,377,34,1
3889,377,25,1
3890,377,22,2
3891,377,32,2
3892,377,23,3
3893,377,24,4
3894,378,21,1
3895,378,31,1
3896,378,33,1
3897,378,34,1
3898,378,25,1
3899,378,22,2
3900,378,32,2
3901,378,23,3
3902,378,24,4
3903,379,21,1
3904,379,31,1
3905,379,33,1
3906,379,34,1
3907,379,25,1
3908,379,22,2
3909,379,32,2
3910,379,23,3
3911,379,24,4
3912,380,21,1
3913,380,31,1
3914,380,33,1
3915,380,34,1
3916,380,25,1
3917,380,22,2
3918,380,32,2
3919,380,23,3
3920,380,24,4
3921,381,21,1
3922,381,31,1
3923,381,33,1
3924,381,34,1
3925,381,25,1
3926,381,22,2
3927,381,32,2
3928,381,23,3
3929,381,24,4
3930,382,21,1
3931,382,31,1
3932,382,33,1
3933,382,34,1
3934,382,25,1
3935,382,22,2
3936,382,32,2
3937,382,23,3
3938,382,24,4
3939,383,21,1
3940,383,31,1
3941,383,33,1
3942,383,34,1
3943,383,25,1
3944,383,22,2
3945,383,32,2
3946,383,23,3
3947,383,24,4
3948,384,21,1
3949,384,31,1
3950,384,33,1
3951,384,34,1
3952,384,25,1
3953,384,22,2
3954,384,32,2
3955,384,23,3
3956,384,24,4
3957,385,21,1
3958,385,31,1
3959,385,33,1
3960,385,34,1
3961,385,25,1
3962,385,22,2
3963,385,32,2
3964,385,23,3
3965,385,24,4
3966,386,21,1
3967,386,31,1
3968,386,33,1
3969,386,34,1
3970,386,25,1
3971,386,22,2
3972,386,32,2
3973,386,23,3
3974,386,24,4
3975,387,21,1
3976,387,31,1
3977,387,33,1
3978,387,34,1
3979,387,25,1
3980,387,22,2
3981,387,32,2
3982,387,23,3
3983,387,24,4
3984,388,21,1
3985,388,31,1
3986,388,33,1
3987,388,34,1
3988,388,25,1
3989,388,22,2
3990,388,32,2
3991,388,23,3
3992,388,24,4
3993,389,21,1
3994,389,31,1
3995,389,33,1
3996,389,34,1
3997,389,25,1
3998,389,22,2
3999,389,32,2
4000,389,23,3
4001,389,24,4
4002,390,21,1
4003,390,31,1
4004,390,33,1
4005,390,34,1
4006,390,25,1
4007,390,22,2
4008,390,32,2
4009,390,23,3
4010,390,24,4
4011,391,21,1
4012,391,31,1
4013,391,33,1
4014,391,34,1
4015,391,25,1
4016,391,22,2
4017,391,32,2
4018,391,23,3
4019,391,24,4
4020,392,21,1
4021,392,31,1
4022,392,33,1
4023,392,34,1
4024,392,25,1
4025,392,22,2
4026,392,32,2
4027,392,23,3
4028,392,24,4
4029,393,21,1
4030,393,31,1
4031,393,33,1
4032,393,34,1
4033,393,25,1
4034,393,22,2
4035,393,32,2
4036,393,23,3
4037,393,24,4
4038,394,21,1
4039,394,31,1
4040,394,33,1
4041,394,34,1
4042,394,25,1
4043,394,22,2
4044,394,32,2
4045,394,23,3
4046,394,24,4
4047,395,21,1
4048,395,31,1
4049,395,33,1
4050,395,34,1
4051,395,25,1
4052,395,22,2
4053,395,32,2
4054,395,23,3
4055,395,24,4
4056,396,21,1
4057,396,31,1
4058,396,33,1
4059,396,34,1
4060,396,25,1
4061,396,22,2
4062,396,32,2
4063,396,23,3
4064,396,24,4
4065,397,21,1
4066,397,31,1
4067,397,33,1
4068,397,34,1
4069,397,25,1
4070,397,22,2
4071,397,32,2
4072,397,23,3
4073,397,24,4
4074,398,21,1
4075,398,31,1
4076,398,33,1
4077,398,34,1
4078,398,25,1
4079,398,22,2
4080,398,32,2
4081,398,23,3
4082,398,24,4
4083,399,21,1
4084,399,31,1
4085,399,33,1
4086,399,34,1
4087,399,25,1
4088,399,22,2
4089,399,32,2
4090,399,23,3
4091,399,24,4
4092,400,21,1
4093,400,31,1
4094,400,33,1
4095,400,34,1
4096,400,25,1
4097,400,22,2
4098,400,32,2
4099,400,23,3
4100,400,24,4
4101,401,26,1
4102,401,31,1
4103,401,33,1
4104,401,34,1
4105,401,30,1
4106,401,27,2
4107,401,32,2
4108,401,28,3
4109,401,29,4
4110,402,26,1
4111,402,31,1
4112,402,33,1
4113,402,34,1
4114,402,30,1
4115,402,27,2
4116,402,32,2
4117,402,28,3
4118,402,29,4
4119,403,26,1
4120,403,31,1
4121,403,33,1
4122,403,34,1
4123,403,30,1
4124,403,27,2
4125,403,32,2
4126,403,28,3
4127,403,29,4
4128,404,26,1
4129,404,31,1
4130,404,33,1
4131,404,34,1
4132,404,30,1
4133,404,27,2
4134,404,32,2
4135,404,28,3
4136,404,29,4
4137,405,26,1
4138,405,31,1
4139,405,33,1
4140,405,34,1
4141,405,30,1
4142,405,27,2
4143,405,32,2
4144,405,28,3
4145,405,29,4
4146,406,26,1
4147,406,31,1
4148,406,33,1
4149,406,34,1
4150,406,30,1
4151,406,27,2
4152,406,32,2
4153,406,28,3
4154,406,29,4
4155,407,26,1
4156,407,31,1
4157,407,33,1
4158,407,34,1
4159,407,30,1
4160,407,27,2
4161,407,32,2
4162,407,28,3
4163,407,29,4
4164,408,26,1
4165,408,31,1
4166,408,33,1
4167,408,34,1
4168,408,30,1
4169,408,27,2
4170,408,32,2
4171,408,28,3
4172,408,29,4
4173,409,26,1
4174,409,31,1
4175,409,33,1
4176,409,34,1
4177,409,30,1
4178,409,27,2
4179,409,32,2
4180,409,28,3
4181,409,29,4
4182,410,26,1
4183,410,31,1
4184,410,33,1
4185,410,34,1
4186,410,30,1
4187,410,27,2
4188,410,32,2
4189,410,28,3
4190,410,29,4
4191,411,26,1
4192,411,31,1
4193,411,33,1
4194,411,34,1
4195,411,30,1
4196,411,27,2
4197,411,32,2
4198,411,28,3
4199,411,29,4
4200,412,26,1
4201,412,31,1
4202,412,33,1
4203,412,34,1
4204,412,30,1
4205,412,27,2
4206,412,32,2
4207,412,28,3
4208,412,29,4
4209,413,26,1
4210,413,31,1
4211,413,33,1
4212,413,34,1
4213,413,30,1
4214,413,27,2
4215,413,32,2
4216,413,28,3
4217,413,29,4
4218,414,26,1
4219,414,31,1
4220,414,33,1
4221,414,34,1
4222,414,30,1
4223,414,27,2
4224,414,32,2
4225,414,28,3
4226,414,29,4
4227,415,26,1
4228,415,31,1
4229,415,33,1
4230,415,34,1
4231,415,30,1
4232,415,27,2
4233,415,32,2
4234,415,28,3
4235,415,29,4
4236,416,26,1
4237,416,31,1
4238,416,33,1
4239,416,34,1
4240,416,30,1
4241,416,27,2
4242,416,32,2
4243,416,28,3
4244,416,29,4
4245,417,26,1
4246,417,31,1
4247,417,33,1
4248,417,34,1
4249,417,30,1
4250,417,27,2
4251,417,32,2
4252,417,28,3
4253,417,29,4
4254,418,26,1
4255,418,31,1
4256,418,33,1
4257,418,34,1
4258,418,30,1
4259,418,27,2
4260,418,32,2
4261,418,28,3
4262,418,29,4
4263,419,26,1
4264,419,31,1
4265,419,33,1
4266,419,34,1
4267,419,30,1
4268,419,27,2
4269,419,32,2
4270,419,28,3
4271,419,29,4
4272,420,26,1
4273,420,31,1
4274,420,33,1
4275,420,34,1
4276,420,30,1
4277,420,27,2
4278,420,32,2
4279,420,28,3
4280,420,29,4
4281,421,26,1
4282,421,31,1
4283,421,33,1
4284,421,34,1
4285,421,30,1
4286,421,27,2
4287,421,32,2
4288,421,28,3
4289,421,29,4
4290,422,26,1
4291,422,31,1
4292,422,33,1
4293,422,34,1
4294,422,30,1
4295,422,27,2
4296,422,32,2
4297,422,28,3
4298,422,29,4
4299,423,26,1
4300,423,31,1
4301,423,33,1
4302,423,34,1
4303,423,30,1
4304,423,27,2
4305,423,32,2
4306,423,28,3
4307,423,29,4
4308,424,26,1
4309,424,31,1
4310,424,33,1
4311,424,34,1
4312,424,30,1
4313,424,27,2
4314,424,32,2
4315,424,28,3
4316,424,29,4
4317,425,26,1
4318,425,31,1
4319,425,33,1
4320,425,34,1
4321,425,30,1
4322,425,27,2
4323,425,32,2
4324,425,28,3
4325,425,29,4
4326,426,26,1
4327,426,31,1
4328,426,33,1
4329,426,34,1
4330,426,30,1
4331,426,27,2
4332,426,32,2
4333,426,28,3
4334,426,29,4
4335,427,26,1
4336,427,31,1
4337,427,33,1
4338,427,34,1
4339,427,30,1
4340,427,27,2
4341,427,32,2
4342,427,28,3
4343,427,29,4
4344,428,26,1
4345,428,31,1
4346,428,33,1
4347,428,34,1
4348,428,30,1
4349,428,27,2
4350,428,32,2
4351,428,28,3
4352,428,29,4
4353,429,26,1
4354,429,31,1
4355,429,33,1
4356,429,34,1
4357,429,30,1
4358,429,27,2
4359,429,32,2
4360,429,28,3
4361,429,29,4
4362,430,26,1
4363,430,31,1
4364,430,33,1
4365,430,34,1
4366,430,30,1
4367,430,27,2
4368,430,32,2
4369,430,28,3
4370,430,29,4
4371,431,26,1
4372,431,31,1
4373,431,33,1
4374,431,34,1
4375,431,30,1
4376,431,27,2
4377,431,32,2
4378,431,28,3
4379,431,29,4
4380,432,26,1
4381,432,31,1
4382,432,33,1
4383,432,34,1
4384,432,30,1
4385,432,27,2
4386,432,32,2
4387,432,28,3
4388,432,29,4
4389,433,26,1
4390,433,31,1
4391,433,33,1
4392,433,34,1
4393,433,30,1
4394,433,27,2
4395,433,32,2
4396,433,28,3
4397,433,29,4
4398,434,26,1
4399,434,31,1
4400,434,33,1
4401,434,34,1
4402,434,30,1
4403,434,27,2
4404,434,32,2
4405,434,28,3
4406,434,29,4
4407,435,26,1
4408,435,31,1
4409,435,33,1
4410,435,34,1
4411,435,30,1
4412,435,27,2
4413,435,32,2
4414,435,28,3
4415,435,29,4
4416,436,26,1
4417,436,31,1
4418,436,33,1
4419,436,34,1
4420,436,30,1
4421,436,27,2
4422,436,32,2
4423,436,28,3
4424,436,29,4
4425,437,26,1
4426,437,31,1
4427,437,33,1
4428,437,34,1
4429,437,30,1
4430,437,27,2
4431,437,32,2
4432,437,28,3
4433,437,29,4
4434,438,26,1
4435,438,31,1
4436,438,33,1
4437,438,34,1
4438,438,30,1
4439,438,27,2
4440,438,32,2
4441,438,28,3
4442,438,29,4
4443,439,26,1
4444,439,31,1
4445,439,33,1
4446,439,34,1
4447,439,30,1
4448,439,27,2
4449,439,32,2
4450,439,28,3
4451,439,29,4
4452,440,26,1
4453,440,31,1
4454,440,33,1
4455,440,34,1
4456,440,30,1
4457,440,27,2
4458,440,32,2
4459,440,28,3
4460,440,29,4
4461,441,26,1
4462,441,31,1
4463,441,33,1
4464,441,34,1
4465,441,30,1
4466,441,27,2
4467,441,32,2
4468,441,28,3
4469,441,29,4
4470,442,26,1
4471,442,31,1
4472,442,33,1
4473,442,34,1
4474,442,30,1
4475,442,27,2
4476,442,32,2
4477,442,28,3
4478,442,29,4
4479,443,26,1
4480,443,31,1
4481,443,33,1
4482,443,34,1
4483,443,30,1
4484,443,27,2
4485,443,32,2
4486,443,28,3
4487,443,29,4
4488,444,26,1
4489,444,31,1
4490,444,33,1
4491,444,34,1
4492,444,30,1
4493,444,27,2
4494,444,32,2
4495,444,28,3
4496,444,29,4
4497,445,26,1
4498,445,31,1
4499,445,33,1
4500,445,34,1
4501,445,30,1
4502,445,27,2
4503,445,32,2
4504,445,28,3
4505,445,29,4
4506,446,26,1
4507,446,31,1
4508,446,33,1
4509,446,34,1
4510,446,30,1
4511,446,27,2
4512,446,32,2
4513,446,28,3
4514,446,29,4
4515,447,26,1
4516,447,31,1
4517,447,33,1
4518,447,34,1
4519,447,30,1
4520,447,27,2
4521,447,32,2
4522,447,28,3
4523,447,29,4
4524,448,26,1
4525,448,31,1
4526,448,33,1
4527,448,34,1
4528,448,30,1
4529,448,27,2
4530,448,32,2
4531,448,28,3
4532,448,29,4
4533,449,26,1
4534,449,31,1
4535,449,33,1
4536,449,34,1
4537,449,30,1
4538,449,27,2
4539,449,32,2
4540,449,28,3
4541,449,29,4
4542,450,26,1
4543,450,31,1
4544,450,33,1
4545,450,34,1
4546,450,30,1
4547,450,27,2
4548,450,32,2
4549,450,28,3
4550,450,29,4
4551,451,26,1
4552,451,31,1
4553,451,33,1
4554,451,34,1
4555,451,30,1
4556,451,27,2
4557,451,32,2
4558,451,28,3
4559,451,29,4
4560,452,26,1
4561,452,31,1
4562,452,33,1
4563,452,34,1
4564,452,30,1
4565,452,27,2
4566,452,32,2
4567,452,28,3
4568,452,29,4
4569,453,26,1
4570,453,31,1
4571,453,33,1
4572,453,34,1
4573,453,30,1
4574,453,27,2
4575,453,32,2
4576,453,28,3
4577,453,29,4
4578,454,26,1
4579,454,31,1
4580,454,33,1
4581,454,34,1
4582,454,30,1
4583,454,27,2
4584,454,32,2
4585,454,28,3
4586,454,29,4
4587,455,26,1
4588,455,31,1
4589,455,33,1
4590,455,34,1
4591,455,30,1
4592,455,27,2
4593,455,32,2
4594,455,28,3
4595,455,29,4
4596,456,26,1
4597,456,31,1
4598,456,33,1
4599,456,34,1
4600,456,30,1
4601,456,27,2
4602,456,32,2
4603,456,28,3
4604,456,29,4
4605,457,26,1
4606,457,31,1
4607,457,33,1
4608,457,34,1
4609,457,30,1
4610,457,27,2
4611,457,32,2
4612,457,28,3
4613,457,29,4
4614,458,26,1
4615,458,31,1
4616,458,33,1
4617,458,34,1
4618,458,30,1
4619,458,27,2
4620,458,32,2
4621,458,28,3
4622,458,29,4
4623,459,26,1
4624,459,31,1
4625,459,33,1
4626,459,34,1
4627,459,30,1
4628,459,27,2
4629,459,32,2
4630,459,28,3
4631,459,29,4
4632,460,26,1
4633,460,31,1
4634,460,33,1
4635,460,34,1
4636,460,30,1
4637,460,27,2
4638,460,32,2
4639,460,28,3
4640,460,29,4
4641,461,26,1
4642,461,31,1
4643,461,33,1
4644,461,34,1
4645,461,30,1
4646,461,27,2
4647,461,32,2
4648,461,28,3
4649,461,29,4
4650,462,26,1
4651,462,31,1
4652,462,33,1
4653,462,34,1
4654,462,30,1
4655,462,27,2
4656,462,32,2
4657,462,28,3
4658,462,29,4
4659,463,26,1
4660,463,31,1
4661,463,33,1
4662,463,34,1
4663,463,30,1
4664,463,27,2
4665,463,32,2
4666,463,28,3
4667,463,29,4
4668,464,26,1
4669,464,31,1
4670,464,33,1
4671,464,34,1
4672,464,30,1
4673,464,27,2
4674,464,32,2
4675,464,28,3
4676,464,29,4
4677,465,26,1
4678,465,31,1
4679,465,33,1
4680,465,34,1
4681,465,30,1
4682,465,27,2
4683,465,32,2
4684,465,28,3
4685,465,29,4
4686,466,26,1
4687,466,31,1
4688,466,33,1
4689,466,34,1
4690,466,30,1
4691,466,27,2
4692,466,32,2
4693,466,28,3
4694,466,29,4
4695,467,26,1
4696,467,31,1
4697,467,33,1
4698,467,34,1
4699,467,30,1
4700,467,27,2
4701,467,32,2
4702,467,28,3
4703,467,29,4
4704,468,26,1
4705,468,31,1
4706,468,33,1
4707,468,34,1
4708,468,30,1
4709,468,27,2
4710,468,32,2
4711,468,28,3
4712,468,29,4
4713,469,26,1
4714,469,31,1
4715,469,33,1
4716,469,34,1
4717,469,30,1
4718,469,27,2
4719,469,32,2
4720,469,28,3
4721,469,29,4
4722,470,26,1
4723,470,31,1
4724,470,33,1
4725,470,34,1
4726,470,30,1
4727,470,27,2
4728,470,32,2
4729,470,28,3
4730,470,29,4
4731,471,26,1
4732,471,31,1
4733,471,33,1
4734,471,34,1
4735,471,30,1
4736,471,27,2
4737,471,32,2
4738,471,28,3
4739,471,29,4
4740,472,26,1
4741,472,31,1
4742,472,33,1
4743,472,34,1
4744,472,30,1
4745,472,27,2
4746,472,32,2
4747,472,28,3
4748,472,29,4
4749,473,26,1
4750,473,31,1
4751,473,33,1
4752,473,34,1
4753,473,30,1
4754,473,27,2
4755,473,32,2
4756,473,28,3
4757,473,29,4
4758,474,26,1
4759,474,31,1
4760,474,33,1
4761,474,34,1
4762,474,30,1
4763,474,27,2
4764,474,32,2
4765,474,28,3
4766,474,29,4
4767,475,26,1
4768,475,31,1
4769,475,33,1
4770,475,34,1
4771,475,30,1
4772,475,27,2
4773,475,32,2
4774,475,28,3
4775,475,29,4
4776,476,26,1
4777,476,31,1
4778,476,33,1
4779,476,34,1
4780,476,30,1
4781,476,27,2
4782,476,32,2
4783,476,28,3
4784,476,29,4
4785,477,26,1
4786,477,31,1
4787,477,33,1
4788,477,34,1
4789,477,30,1
4790,477,27,2
4791,477,32,2
4792,477,28,3
4793,477,29,4
4794,478,26,1
4795,478,31,1
4796,478,33,1
4797,478,34,1
4798,478,30,1
4799,478,27,2
4800,478,32,2
4801,478,28,3
4802,478,29,4
4803,479,26,1
4804,479,31,1
4805,479,33,1
4806,479,34,1
4807,479,30,1
4808,479,27,2
4809,479,32,2
4810,479,28,3
4811,479,29,4
4812,480,26,1
4813,480,31,1
4814,480,33,1
4815,480,34,1
4816,480,30,1
4817,480,27,2
4818,480,32,2
4819,480,28,3
4820,480,29,4
4821,481,26,1
4822,481,31,1
4823,481,33,1
4824,481,34,1
4825,481,30,1
4826,481,27,2
4827,481,32,2
4828,481,28,3
4829,481,29,4
4830,482,26,1
4831,482,31,1
4832,482,33,1
4833,482,34,1
4834,482,30,1
4835,482,27,2
4836,482,32,2
4837,482,28,3
4838,482,29,4
4839,483,26,1
4840,483,31,1
4841,483,33,1
4842,483,34,1
4843,483,30,1
4844,483,27,2
4845,483,32,2
4846,483,28,3
4847,483,29,4
4848,484,26,1
4849,484,31,1
4850,484,33,1
4851,484,34,1
4852,484,30,1
4853,484,27,2
4854,484,32,2
4855,484,28,3
4856,484,29,4
4857,485,26,1
4858,485,31,1
4859,485,33,1
4860,485,34,1
4861,485,30,1
4862,485,27,2
4863,485,32,2
4864,485,28,3
4865,485,29,4
4866,486,26,1
4867,486,31,1
4868,486,33,1
4869,486,34,1
4870,486,30,1
4871,486,27,2
4872,486,32,2
4873,486,28,3
4874,486,29,4
4875,487,26,1
4876,487,31,1
4877,487,33,1
4878,487,34,1
4879,487,30,1
4880,487,27,2
4881,487,32,2
4882,487,28,3
4883,487,29,4
4884,488,26,1
4885,488,31,1
4886,488,33,1
4887,488,34,1
4888,488,30,1
4889,488,27,2
4890,488,32,2
4891,488,28,3
4892,488,29,4
4893,489,26,1
4894,489,31,1
4895,489,33,1
4896,489,34,1
4897,489,30,1
4898,489,27,2
4899,489,32,2
4900,489,28,3
4901,489,29,4
4902,490,26,1
4903,490,31,1
4904,490,33,1
4905,490,34,1
4906,490,30,1
4907,490,27,2
4908,490,32,2
4909,490,28,3
4910,490,29,4
4911,491,26,1
4912,491,31,1
4913,491,33,1
4914,491,34,1
4915,491,30,1
4916,491,27,2
4917,491,32,2
4918,491,28,3
4919,491,29,4
4920,492,26,1
4921,492,31,1
4922,492,33,1
4923,492,34,1
4924,492,30,1
4925,492,27,2
4926,492,32,2
4927,492,28,3
4928,492,29,4
4929,493,26,1
4930,493,31,1
4931,493,33,1
4932,493,34,1
4933,493,30,1
4934,493,27,2
4935,493,32,2
4936,493,28,3
4937,493,29,4
4938,494,26,1
4939,494,31,1
4940,494,33,1
4941,494,34,1
4942,494,30,1
4943,494,27,2
4944,494,32,2
4945,494,28,3
4946,494,29,4
4947,495,26,1
4948,495,31,1
4949,495,33,1
4950,495,34,1
4951,495,30,1
4952,495,27,2
4953,495,32,2
4954,495,28,3
4955,495,29,4
4956,496,26,1
4957,496,31,1
4958,496,33,1
4959,496,34,1
4960,496,30,1
4961,496,27,2
4962,496,32,2
4963,496,28,3
4964,496,29,4
4965,497,26,1
4966,497,31,1
4967,497,33,1
4968,497,34,1
4969,497,30,1
4970,497,27,2
4971,497,32,2
4972,497,28,3
4973,497,29,4
4974,498,26,1
4975,498,31,1
4976,498,33,1
4977,498,34,1
4978,498,30,1
4979,498,27,2
4980,498,32,2
4981,498,28,3
4982,498,29,4
4983,499,26,1
4984,499,31,1
4985,499,33,1
4986,499,34,1
4987,499,30,1
4988,499,27,2
4989,499,32,2
4990,499,28,3
4991,499,29,4
4992,500,26,1
4993,500,31,1
4994,500,33,1
4995,500,34,1
4996,500,30,1
4997,500,27,2
4998,500,32,2
4999,500,28,3
5000,500,29,4
