attendance_id,enrollment_id,total_classes,classes_attended
1,1,90,88
2,2,92,92
3,3,93,75
4,4,86,86
5,5,90,90
6,6,89,89
7,7,92,84
8,8,92,92
9,9,98,84
10,10,89,84
11,11,99,95
12,12,86,86
13,13,85,85
14,14,100,94
15,15,90,67
16,16,80,59
17,17,83,67
18,18,77,70
19,19,93,61
20,20,90,88
21,21,94,62
22,22,86,86
23,23,95,83
24,24,81,81
25,25,93,65
26,26,73,70
27,27,89,88
28,28,79,59
29,29,82,79
30,30,84,81
31,31,97,89
32,32,93,87
33,33,80,80
34,34,91,84
35,35,93,92
36,36,99,82
37,37,95,75
38,38,92,80
39,39,99,92
40,40,98,96
41,41,84,84
42,42,90,81
43,43,93,83
44,44,97,76
45,45,100,77
46,46,80,80
47,47,84,82
48,48,98,81
49,49,91,80
50,50,83,80
51,51,80,80
52,52,92,87
53,53,98,95
54,54,89,89
55,55,98,76
56,56,91,77
57,57,83,83
58,58,94,79
59,59,100,83
60,60,95,89
61,61,88,85
62,62,82,82
63,63,94,93
64,64,80,80
65,65,86,86
66,66,99,83
67,67,86,77
68,68,97,82
69,69,95,89
70,70,87,87
71,71,96,86
72,72,90,86
73,73,88,82
74,74,83,83
75,75,86,81
76,76,98,91
77,77,86,84
78,78,80,80
79,79,81,81
80,80,100,90
81,81,89,89
82,82,81,81
83,83,82,82
84,84,81,79
85,85,82,81
86,86,72,72
87,87,74,74
88,88,84,61
89,89,71,71
90,90,70,59
91,91,87,85
92,92,87,73
93,93,86,69
94,94,85,67
95,95,85,64
96,96,67,58
97,97,88,73
98,98,74,74
99,99,66,66
100,100,65,60
101,101,92,56
102,102,73,57
103,103,81,81
104,104,83,82
105,105,67,67
106,106,86,61
107,107,87,86
108,108,91,57
109,109,75,62
110,110,81,55
111,111,78,58
112,112,89,86
113,113,84,84
114,114,83,75
115,115,87,80
116,116,93,77
117,117,83,83
118,118,84,84
119,119,88,88
120,120,87,87
121,121,99,91
122,122,82,82
123,123,90,90
124,124,89,89
125,125,84,84
126,126,97,92
127,127,72,72
128,128,66,66
129,129,90,79
130,130,91,64
131,131,81,76
132,132,79,61
133,133,88,64
134,134,69,59
135,135,75,75
136,136,92,79
137,137,93,86
138,138,67,67
139,139,72,60
140,140,85,61
141,141,60,38
142,142,49,49
143,143,51,45
144,144,64,50
145,145,54,54
146,146,40,40
147,147,50,39
148,148,77,54
149,149,56,56
150,150,64,64
151,151,62,53
152,152,65,52
153,153,43,43
154,154,54,54
155,155,48,41
156,156,59,59
157,157,48,40
158,158,66,46
159,159,63,63
160,160,50,50
161,161,58,56
162,162,44,44
163,163,65,65
164,164,40,40
165,165,56,56
166,166,46,46
167,167,75,55
168,168,44,44
169,169,89,89
170,170,97,79
171,171,97,88
172,172,93,93
173,173,93,83
174,174,94,89
175,175,83,83
176,176,100,86
177,177,83,83
178,178,100,94
179,179,90,82
180,180,86,77
181,181,98,81
182,182,84,84
183,183,90,66
184,184,69,55
185,185,83,75
186,186,69,69
187,187,80,80
188,188,68,68
189,189,66,66
190,190,65,58
191,191,78,61
192,192,67,60
193,193,69,69
194,194,87,75
195,195,74,74
196,196,90,62
197,197,54,54
198,198,66,41
199,199,56,56
200,200,70,39
201,201,67,41
202,202,48,48
203,203,75,56
204,204,67,38
205,205,62,41
206,206,70,49
207,207,75,58
208,208,54,54
209,209,75,36
210,210,57,36
211,211,91,75
212,212,92,77
213,213,80,77
214,214,93,89
215,215,90,90
216,216,84,80
217,217,82,82
218,218,99,89
219,219,96,78
220,220,98,90
221,221,87,87
222,222,86,84
223,223,88,84
224,224,93,80
225,225,91,77
226,226,66,66
227,227,92,75
228,228,87,81
229,229,95,75
230,230,79,78
231,231,72,72
232,232,77,74
233,233,89,65
234,234,81,81
235,235,76,64
236,236,71,66
237,237,85,59
238,238,80,80
239,239,100,95
240,240,100,85
241,241,94,94
242,242,81,81
243,243,94,76
244,244,82,82
245,245,99,94
246,246,97,76
247,247,100,81
248,248,84,76
249,249,90,77
250,250,87,87
251,251,99,80
252,252,92,88
253,253,67,67
254,254,74,71
255,255,94,64
256,256,69,69
257,257,86,80
258,258,67,67
259,259,75,63
260,260,88,88
261,261,81,78
262,262,95,68
263,263,71,69
264,264,74,61
265,265,88,88
266,266,89,63
267,267,89,65
268,268,76,70
269,269,89,83
270,270,95,85
271,271,86,83
272,272,77,77
273,273,91,67
274,274,73,58
275,275,82,61
276,276,68,68
277,277,79,79
278,278,95,69
279,279,94,56
280,280,76,70
281,281,46,46
282,282,58,58
283,283,70,63
284,284,41,41
285,285,78,68
286,286,55,54
287,287,69,39
288,288,78,69
289,289,55,44
290,290,62,50
291,291,45,45
292,292,73,69
293,293,75,36
294,294,64,58
295,295,88,61
296,296,75,63
297,297,91,66
298,298,87,85
299,299,67,67
300,300,90,67
301,301,74,74
302,302,80,71
303,303,74,74
304,304,85,76
305,305,78,78
306,306,77,76
307,307,80,78
308,308,90,60
309,309,82,73
310,310,86,73
311,311,78,65
312,312,66,66
313,313,85,58
314,314,76,76
315,315,95,56
316,316,90,83
317,317,89,78
318,318,66,64
319,319,76,76
320,320,81,78
321,321,72,62
322,322,81,79
323,323,71,71
324,324,71,62
325,325,70,70
326,326,95,75
327,327,82,73
328,328,87,66
329,329,68,67
330,330,80,56
331,331,79,63
332,332,74,74
333,333,81,81
334,334,67,63
335,335,79,79
336,336,93,66
337,337,83,83
338,338,90,82
339,339,89,77
340,340,97,83
341,341,97,77
342,342,98,79
343,343,99,85
344,344,80,77
345,345,98,83
346,346,93,93
347,347,100,92
348,348,95,82
349,349,89,89
350,350,94,88
351,351,60,57
352,352,63,63
353,353,69,42
354,354,46,38
355,355,66,50
356,356,60,55
357,357,72,64
358,358,41,40
359,359,55,48
360,360,58,58
361,361,70,53
362,362,67,43
363,363,65,58
364,364,75,47
365,365,89,72
366,366,84,62
367,367,76,76
368,368,69,67
369,369,66,57
370,370,90,85
371,371,93,87
372,372,75,65
373,373,91,74
374,374,81,81
375,375,91,56
376,376,78,74
377,377,87,56
378,378,85,69
379,379,84,79
380,380,66,62
381,381,78,64
382,382,81,81
383,383,66,63
384,384,86,85
385,385,70,70
386,386,76,71
387,387,72,72
388,388,74,73
389,389,80,75
390,390,94,72
391,391,82,79
392,392,76,64
393,393,94,83
394,394,71,67
395,395,82,72
396,396,83,70
397,397,81,69
398,398,78,76
399,399,89,63
400,400,94,65
401,401,93,85
402,402,95,73
403,403,94,60
404,404,88,57
405,405,93,66
406,406,91,80
407,407,93,57
408,408,68,68
409,409,82,82
410,410,92,87
411,411,68,68
412,412,73,66
413,413,74,67
414,414,93,80
415,415,67,67
416,416,69,69
417,417,73,73
418,418,95,76
419,419,65,65
420,420,66,62
421,421,89,78
422,422,91,91
423,423,95,79
424,424,91,88
425,425,97,96
426,426,99,77
427,427,91,77
428,428,97,91
429,429,85,85
430,430,86,86
431,431,94,76
432,432,94,93
433,433,89,75
434,434,86,86
435,435,81,77
436,436,89,88
437,437,100,95
438,438,92,89
439,439,92,77
440,440,97,79
441,441,85,85
442,442,87,75
443,443,94,94
444,444,92,82
445,445,88,81
446,446,83,76
447,447,80,80
448,448,81,81
449,449,72,68
450,450,69,69
451,451,94,75
452,452,91,75
453,453,86,86
454,454,66,66
455,455,80,58
456,456,86,79
457,457,78,78
458,458,89,85
459,459,92,64
460,460,82,81
461,461,69,69
462,462,85,60
463,463,81,81
464,464,81,77
465,465,97,81
466,466,90,84
467,467,86,78
468,468,87,87
469,469,87,87
470,470,94,92
471,471,91,91
472,472,95,85
473,473,93,76
474,474,84,75
475,475,98,88
476,476,87,87
477,477,75,71
478,478,88,86
479,479,76,65
480,480,70,58
481,481,67,58
482,482,91,69
483,483,71,71
484,484,85,85
485,485,82,81
486,486,73,73
487,487,86,82
488,488,68,61
489,489,84,84
490,490,90,80
491,491,87,84
492,492,100,95
493,493,92,87
494,494,80,80
495,495,100,85
496,496,83,83
497,497,98,90
498,498,88,88
499,499,90,75
500,500,92,77
501,501,98,87
502,502,92,79
503,503,82,82
504,504,83,83
505,505,78,60
506,506,57,57
507,507,64,62
508,508,64,40
509,509,55,39
510,510,49,49
511,511,40,40
512,512,46,43
513,513,75,70
514,514,45,45
515,515,60,59
516,516,45,45
517,517,76,68
518,518,48,48
519,519,88,88
520,520,91,83
521,521,95,94
522,522,84,84
523,523,99,87
524,524,90,88
525,525,99,79
526,526,86,86
527,527,90,84
528,528,98,82
529,529,92,86
530,530,98,92
531,531,80,80
532,532,89,77
533,533,86,64
534,534,67,67
535,535,77,77
536,536,78,57
537,537,93,60
538,538,86,77
539,539,83,80
540,540,90,82
541,541,72,72
542,542,87,69
543,543,89,87
544,544,80,61
545,545,67,62
546,546,76,74
547,547,83,83
548,548,82,82
549,549,80,80
550,550,85,82
551,551,90,90
552,552,92,92
553,553,93,87
554,554,86,86
555,555,86,81
556,556,82,82
557,557,85,85
558,558,88,88
559,559,100,85
560,560,98,78
561,561,87,74
562,562,86,63
563,563,68,66
564,564,77,77
565,565,78,66
566,566,94,66
567,567,69,66
568,568,66,66
569,569,71,71
570,570,80,80
571,571,91,83
572,572,65,65
573,573,82,73
574,574,88,86
575,575,82,78
576,576,89,83
577,577,68,68
578,578,79,71
579,579,79,62
580,580,90,77
581,581,78,65
582,582,91,68
583,583,82,72
584,584,87,73
585,585,92,87
586,586,68,63
587,587,94,58
588,588,69,63
589,589,92,90
590,590,100,88
591,591,82,82
592,592,91,89
593,593,80,77
594,594,91,77
595,595,93,81
596,596,89,85
597,597,95,85
598,598,81,78
599,599,80,78
600,600,94,75
601,601,84,84
602,602,88,77
603,603,100,80
604,604,87,87
605,605,80,80
606,606,87,87
607,607,90,78
608,608,84,84
609,609,83,78
610,610,84,84
611,611,84,84
612,612,96,93
613,613,94,86
614,614,84,84
615,615,86,77
616,616,83,83
617,617,73,60
618,618,88,73
619,619,92,74
620,620,71,71
621,621,93,70
622,622,80,59
623,623,76,75
624,624,83,81
625,625,89,85
626,626,65,59
627,627,94,58
628,628,74,74
629,629,77,60
630,630,69,69
631,631,84,84
632,632,100,96
633,633,93,82
634,634,93,78
635,635,89,89
636,636,83,75
637,637,85,85
638,638,88,80
639,639,88,78
640,640,93,83
641,641,98,95
642,642,91,76
643,643,91,80
644,644,98,96
645,645,80,80
646,646,84,80
647,647,97,95
648,648,93,85
649,649,91,78
650,650,85,82
651,651,92,77
652,652,89,85
653,653,91,81
654,654,99,82
655,655,95,81
656,656,87,79
657,657,87,87
658,658,80,80
659,659,81,70
660,660,69,69
661,661,93,88
662,662,79,60
663,663,85,80
664,664,78,63
665,665,75,75
666,666,75,75
667,667,71,63
668,668,69,61
669,669,78,62
670,670,71,71
671,671,68,60
672,672,91,57
673,673,91,87
674,674,88,80
675,675,94,92
676,676,94,78
677,677,80,76
678,678,84,81
679,679,100,95
680,680,82,75
681,681,100,89
682,682,90,78
683,683,85,85
684,684,95,75
685,685,91,81
686,686,94,79
687,687,95,88
688,688,82,82
689,689,100,91
690,690,97,75
691,691,91,90
692,692,98,91
693,693,80,80
694,694,88,76
695,695,91,91
696,696,83,82
697,697,81,81
698,698,92,86
699,699,85,80
700,700,91,91
701,701,86,86
702,702,81,77
703,703,80,80
704,704,99,81
705,705,85,85
706,706,84,78
707,707,82,82
708,708,98,78
709,709,85,85
710,710,100,85
711,711,99,86
712,712,85,85
713,713,84,80
714,714,98,87
715,715,99,82
716,716,95,79
717,717,91,85
718,718,82,82
719,719,94,75
720,720,82,82
721,721,80,76
722,722,85,85
723,723,97,87
724,724,98,95
725,725,94,77
726,726,80,80
727,727,90,80
728,728,82,82
729,729,41,41
730,730,67,45
731,731,52,52
732,732,74,51
733,733,46,38
734,734,71,44
735,735,45,45
736,736,70,47
737,737,58,40
738,738,65,65
739,739,45,45
740,740,64,58
741,741,68,64
742,742,76,38
743,743,78,69
744,744,91,88
745,745,92,85
746,746,74,60
747,747,66,66
748,748,83,64
749,749,70,65
750,750,69,57
751,751,78,67
752,752,91,71
753,753,90,59
754,754,82,75
755,755,94,55
756,756,81,81
757,757,83,78
758,758,89,89
759,759,88,87
760,760,95,76
761,761,99,94
762,762,92,85
763,763,95,83
764,764,89,84
765,765,83,82
766,766,94,85
767,767,100,77
768,768,93,90
769,769,81,81
770,770,96,87
771,771,86,76
772,772,91,81
773,773,96,87
774,774,80,80
775,775,85,85
776,776,85,83
777,777,89,75
778,778,98,81
779,779,86,83
780,780,80,80
781,781,99,75
782,782,89,89
783,783,91,89
784,784,96,94
785,785,95,78
786,786,74,74
787,787,75,72
788,788,73,73
789,789,72,58
790,790,84,80
791,791,88,56
792,792,73,73
793,793,83,67
794,794,86,85
795,795,81,74
796,796,93,66
797,797,88,71
798,798,94,66
799,799,89,88
800,800,88,88
801,801,95,76
802,802,99,77
803,803,83,83
804,804,81,79
805,805,93,93
806,806,84,84
807,807,82,82
808,808,90,90
809,809,86,80
810,810,82,79
811,811,92,88
812,812,81,81
813,813,96,81
814,814,87,82
815,815,84,78
816,816,85,77
817,817,89,89
818,818,90,88
819,819,90,90
820,820,92,75
821,821,84,81
822,822,85,78
823,823,81,81
824,824,97,94
825,825,83,83
826,826,83,83
827,827,69,68
828,828,74,74
829,829,73,63
830,830,81,62
831,831,80,67
832,832,91,88
833,833,78,73
834,834,94,68
835,835,72,55
836,836,68,68
837,837,81,59
838,838,73,69
839,839,73,73
840,840,92,57
841,841,83,76
842,842,100,80
843,843,99,83
844,844,90,80
845,845,94,83
846,846,95,88
847,847,83,79
848,848,85,78
849,849,98,96
850,850,91,91
851,851,84,84
852,852,93,89
853,853,90,75
854,854,98,93
855,855,68,68
856,856,76,76
857,857,93,58
858,858,81,81
859,859,67,67
860,860,73,58
861,861,77,77
862,862,79,79
863,863,75,62
864,864,65,61
865,865,82,55
866,866,95,74
867,867,85,84
868,868,66,66
869,869,91,89
870,870,87,75
871,871,89,89
872,872,81,80
873,873,93,78
874,874,83,83
875,875,86,85
876,876,100,96
877,877,94,89
878,878,84,84
879,879,97,88
880,880,96,80
881,881,84,78
882,882,90,90
883,883,88,87
884,884,94,79
885,885,96,84
886,886,90,90
887,887,99,84
888,888,84,84
889,889,97,95
890,890,91,91
891,891,93,93
892,892,89,88
893,893,80,80
894,894,86,83
895,895,89,89
896,896,89,81
897,897,97,82
898,898,87,87
899,899,89,89
900,900,93,93
901,901,80,80
902,902,94,82
903,903,100,86
904,904,99,81
905,905,89,89
906,906,85,80
907,907,81,81
908,908,85,85
909,909,94,79
910,910,99,76
911,911,97,86
912,912,96,82
913,913,96,80
914,914,82,82
915,915,90,85
916,916,99,91
917,917,100,75
918,918,87,87
919,919,81,81
920,920,83,83
921,921,80,80
922,922,96,89
923,923,100,81
924,924,83,80
925,925,85,68
926,926,68,68
927,927,88,82
928,928,88,64
929,929,66,60
930,930,73,59
931,931,73,73
932,932,78,75
933,933,82,55
934,934,89,57
935,935,94,87
936,936,74,60
937,937,77,77
938,938,70,69
939,939,89,89
940,940,100,86
941,941,97,79
942,942,99,87
943,943,89,81
944,944,91,81
945,945,96,79
946,946,88,81
947,947,98,76
948,948,97,89
949,949,82,82
950,950,95,85
951,951,87,78
952,952,86,85
953,953,83,64
954,954,75,75
955,955,90,69
956,956,73,73
957,957,93,85
958,958,74,74
959,959,84,60
960,960,69,67
961,961,67,59
962,962,85,56
963,963,89,68
964,964,82,82
965,965,77,69
966,966,92,73
967,967,72,35
968,968,50,50
969,969,76,44
970,970,62,37
971,971,44,44
972,972,53,53
973,973,70,64
974,974,60,41
975,975,57,51
976,976,64,59
977,977,44,44
978,978,54,54
979,979,62,62
980,980,40,40
981,981,88,81
982,982,99,78
983,983,90,78
984,984,86,86
985,985,80,80
986,986,85,79
987,987,98,79
988,988,85,85
989,989,98,95
990,990,89,77
991,991,95,90
992,992,99,79
993,993,85,85
994,994,90,89
995,995,46,36
996,996,72,61
997,997,51,51
998,998,74,67
999,999,48,48
1000,1000,67,67
1001,1001,73,62
1002,1002,64,57
1003,1003,76,41
1004,1004,54,40
1005,1005,66,51
1006,1006,40,40
1007,1007,53,53
1008,1008,67,51
1009,1009,86,80
1010,1010,90,85
1011,1011,80,71
1012,1012,89,80
1013,1013,86,62
1014,1014,87,65
1015,1015,90,76
1016,1016,86,58
1017,1017,65,60
1018,1018,84,82
1019,1019,76,60
1020,1020,94,80
1021,1021,87,58
1022,1022,85,85
1023,1023,81,73
1024,1024,81,81
1025,1025,86,57
1026,1026,70,60
1027,1027,76,76
1028,1028,65,59
1029,1029,88,77
1030,1030,72,67
1031,1031,65,65
1032,1032,82,59
1033,1033,68,68
1034,1034,91,71
1035,1035,83,83
1036,1036,95,84
1037,1037,56,39
1038,1038,54,49
1039,1039,62,62
1040,1040,56,50
1041,1041,61,39
1042,1042,60,57
1043,1043,51,47
1044,1044,55,51
1045,1045,55,55
1046,1046,45,45
1047,1047,74,37
1048,1048,60,60
1049,1049,76,52
1050,1050,72,52
1051,1051,67,65
1052,1052,62,60
1053,1053,69,42
1054,1054,40,35
1055,1055,46,46
1056,1056,51,51
1057,1057,61,58
1058,1058,66,58
1059,1059,68,46
1060,1060,54,41
1061,1061,75,62
1062,1062,49,49
1063,1063,71,43
1064,1064,73,69
1065,1065,81,81
1066,1066,86,83
1067,1067,94,85
1068,1068,97,83
1069,1069,91,91
1070,1070,98,95
1071,1071,89,86
1072,1072,94,77
1073,1073,100,79
1074,1074,90,88
1075,1075,82,77
1076,1076,90,90
1077,1077,100,87
1078,1078,91,91
1079,1079,69,69
1080,1080,87,60
1081,1081,68,59
1082,1082,66,56
1083,1083,67,61
1084,1084,85,79
1085,1085,74,74
1086,1086,91,65
1087,1087,92,75
1088,1088,92,72
1089,1089,95,66
1090,1090,88,82
1091,1091,74,74
1092,1092,67,67
1093,1093,65,65
1094,1094,76,73
1095,1095,94,86
1096,1096,65,65
1097,1097,90,55
1098,1098,93,82
1099,1099,88,79
1100,1100,67,67
1101,1101,90,72
1102,1102,90,72
1103,1103,70,63
1104,1104,84,83
1105,1105,71,71
1106,1106,82,56
1107,1107,80,80
1108,1108,86,85
1109,1109,95,86
1110,1110,90,77
1111,1111,81,81
1112,1112,95,80
1113,1113,92,75
1114,1114,87,87
1115,1115,81,81
1116,1116,96,96
1117,1117,89,85
1118,1118,97,91
1119,1119,89,81
1120,1120,86,78
1121,1121,98,78
1122,1122,81,81
1123,1123,99,79
1124,1124,85,85
1125,1125,100,76
1126,1126,97,78
1127,1127,97,95
1128,1128,94,81
1129,1129,84,83
1130,1130,94,92
1131,1131,86,86
1132,1132,94,83
1133,1133,97,80
1134,1134,89,83
1135,1135,92,80
1136,1136,91,91
1137,1137,97,87
1138,1138,97,79
1139,1139,100,85
1140,1140,82,76
1141,1141,81,81
1142,1142,81,81
1143,1143,95,91
1144,1144,81,81
1145,1145,80,80
1146,1146,82,82
1147,1147,97,88
1148,1148,81,81
1149,1149,44,44
1150,1150,54,54
1151,1151,55,46
1152,1152,46,46
1153,1153,67,41
1154,1154,65,65
1155,1155,78,63
1156,1156,75,55
1157,1157,67,55
1158,1158,53,53
1159,1159,56,56
1160,1160,65,35
1161,1161,78,36
1162,1162,59,35
1163,1163,91,72
1164,1164,83,64
1165,1165,69,63
1166,1166,72,69
1167,1167,83,80
1168,1168,67,67
1169,1169,91,61
1170,1170,88,79
1171,1171,89,76
1172,1172,78,62
1173,1173,85,55
1174,1174,66,66
1175,1175,83,64
1176,1176,69,58
1177,1177,67,67
1178,1178,69,63
1179,1179,88,58
1180,1180,77,77
1181,1181,89,63
1182,1182,77,67
1183,1183,81,70
1184,1184,78,75
1185,1185,68,68
1186,1186,75,75
1187,1187,74,65
1188,1188,90,83
1189,1189,94,69
1190,1190,89,60
1191,1191,58,35
1192,1192,59,59
1193,1193,74,48
1194,1194,56,56
1195,1195,49,36
1196,1196,73,37
1197,1197,52,52
1198,1198,40,39
1199,1199,63,41
1200,1200,64,49
1201,1201,46,46
1202,1202,45,45
1203,1203,75,36
1204,1204,59,56
1205,1205,76,76
1206,1206,81,72
1207,1207,93,79
1208,1208,65,65
1209,1209,77,63
1210,1210,95,69
1211,1211,78,74
1212,1212,82,63
1213,1213,82,67
1214,1214,87,87
1215,1215,94,64
1216,1216,70,70
1217,1217,88,62
1218,1218,69,56
1219,1219,100,83
1220,1220,84,80
1221,1221,99,83
1222,1222,99,82
1223,1223,82,82
1224,1224,95,95
1225,1225,95,90
1226,1226,81,81
1227,1227,88,88
1228,1228,86,81
1229,1229,94,94
1230,1230,94,82
1231,1231,99,87
1232,1232,98,94
1233,1233,73,41
1234,1234,42,42
1235,1235,42,42
1236,1236,43,43
1237,1237,59,53
1238,1238,43,43
1239,1239,68,40
1240,1240,77,69
1241,1241,68,36
1242,1242,52,52
1243,1243,50,42
1244,1244,63,40
1245,1245,72,45
1246,1246,50,50
1247,1247,81,81
1248,1248,94,84
1249,1249,84,81
1250,1250,80,80
1251,1251,80,80
1252,1252,98,96
1253,1253,82,82
1254,1254,97,83
1255,1255,86,76
1256,1256,91,76
1257,1257,98,94
1258,1258,81,78
1259,1259,89,89
1260,1260,98,92
1261,1261,82,82
1262,1262,82,82
1263,1263,95,79
1264,1264,90,90
1265,1265,86,86
1266,1266,100,91
1267,1267,99,84
1268,1268,88,88
1269,1269,84,84
1270,1270,100,90
1271,1271,99,82
1272,1272,80,78
1273,1273,83,81
1274,1274,93,76
1275,1275,100,81
1276,1276,82,82
1277,1277,80,78
1278,1278,98,94
1279,1279,86,85
1280,1280,95,90
1281,1281,95,79
1282,1282,97,85
1283,1283,81,81
1284,1284,90,90
1285,1285,90,86
1286,1286,80,80
1287,1287,85,85
1288,1288,83,83
1289,1289,72,72
1290,1290,71,71
1291,1291,90,57
1292,1292,79,79
1293,1293,81,64
1294,1294,88,88
1295,1295,89,61
1296,1296,86,63
1297,1297,77,77
1298,1298,66,60
1299,1299,68,68
1300,1300,65,65
1301,1301,71,67
1302,1302,89,83
1303,1303,65,65
1304,1304,82,75
1305,1305,90,73
1306,1306,74,74
1307,1307,65,65
1308,1308,77,58
1309,1309,87,83
1310,1310,91,67
1311,1311,82,60
1312,1312,79,63
1313,1313,87,84
1314,1314,85,84
1315,1315,69,69
1316,1316,87,76
1317,1317,91,90
1318,1318,91,91
1319,1319,92,78
1320,1320,89,89
1321,1321,87,87
1322,1322,95,87
1323,1323,98,88
1324,1324,90,90
1325,1325,82,82
1326,1326,99,89
1327,1327,94,80
1328,1328,99,78
1329,1329,92,85
1330,1330,82,81
1331,1331,84,84
1332,1332,92,92
1333,1333,90,84
1334,1334,89,88
1335,1335,82,82
1336,1336,92,79
1337,1337,97,76
1338,1338,91,78
1339,1339,87,87
1340,1340,90,87
1341,1341,86,86
1342,1342,97,87
1343,1343,93,79
1344,1344,84,79
1345,1345,95,95
1346,1346,82,79
1347,1347,94,94
1348,1348,94,91
1349,1349,92,86
1350,1350,80,80
1351,1351,96,83
1352,1352,91,76
1353,1353,91,78
1354,1354,82,79
1355,1355,88,88
1356,1356,99,77
1357,1357,82,82
1358,1358,89,89
1359,1359,72,65
1360,1360,62,53
1361,1361,78,54
1362,1362,43,43
1363,1363,58,36
1364,1364,72,39
1365,1365,48,48
1366,1366,47,46
1367,1367,68,58
1368,1368,55,55
1369,1369,42,42
1370,1370,78,44
1371,1371,66,59
1372,1372,50,48
1373,1373,68,58
1374,1374,74,74
1375,1375,82,69
1376,1376,80,71
1377,1377,65,65
1378,1378,86,75
1379,1379,66,61
1380,1380,95,82
1381,1381,73,73
1382,1382,73,73
1383,1383,72,67
1384,1384,70,70
1385,1385,91,59
1386,1386,68,68
1387,1387,80,80
1388,1388,86,86
1389,1389,83,77
1390,1390,100,93
1391,1391,83,80
1392,1392,82,82
1393,1393,93,93
1394,1394,85,77
1395,1395,92,85
1396,1396,88,80
1397,1397,86,86
1398,1398,83,79
1399,1399,99,95
1400,1400,88,78
1401,1401,79,56
1402,1402,85,55
1403,1403,73,64
1404,1404,83,55
1405,1405,80,80
1406,1406,89,59
1407,1407,95,85
1408,1408,76,76
1409,1409,85,60
1410,1410,89,73
1411,1411,66,66
1412,1412,77,61
1413,1413,67,67
1414,1414,71,56
1415,1415,80,79
1416,1416,74,74
1417,1417,79,56
1418,1418,90,57
1419,1419,79,64
1420,1420,67,57
1421,1421,65,65
1422,1422,72,63
1423,1423,93,74
1424,1424,84,65
1425,1425,91,61
1426,1426,84,69
1427,1427,75,75
1428,1428,91,68
1429,1429,75,59
1430,1430,78,65
1431,1431,79,70
1432,1432,68,68
1433,1433,80,60
1434,1434,67,67
1435,1435,89,85
1436,1436,85,72
1437,1437,85,85
1438,1438,89,86
1439,1439,86,78
1440,1440,99,86
1441,1441,96,82
1442,1442,86,83
1443,1443,84,84
1444,1444,95,80
1445,1445,81,81
1446,1446,90,84
1447,1447,94,66
1448,1448,81,62
1449,1449,79,75
1450,1450,93,75
1451,1451,72,61
1452,1452,71,71
1453,1453,83,83
1454,1454,71,71
1455,1455,100,86
1456,1456,84,76
1457,1457,84,78
1458,1458,85,85
1459,1459,85,85
1460,1460,98,92
1461,1461,96,90
1462,1462,95,89
1463,1463,87,82
1464,1464,95,64
1465,1465,78,57
1466,1466,89,87
1467,1467,80,61
1468,1468,82,55
1469,1469,71,63
1470,1470,67,56
1471,1471,87,84
1472,1472,65,65
1473,1473,91,91
1474,1474,100,77
1475,1475,96,76
1476,1476,99,92
1477,1477,82,82
1478,1478,81,81
1479,1479,81,78
1480,1480,81,81
1481,1481,82,82
1482,1482,80,68
1483,1483,75,75
1484,1484,78,72
1485,1485,79,79
1486,1486,80,73
1487,1487,86,59
1488,1488,67,60
1489,1489,95,59
1490,1490,87,64
1491,1491,89,88
1492,1492,84,84
1493,1493,100,75
1494,1494,87,87
1495,1495,90,90
1496,1496,98,96
1497,1497,94,89
1498,1498,89,80
1499,1499,91,84
1500,1500,84,65
1501,1501,70,64
1502,1502,75,63
1503,1503,71,57
1504,1504,69,69
1505,1505,82,74
1506,1506,94,86
1507,1507,94,75
1508,1508,82,82
1509,1509,98,96
1510,1510,94,85
1511,1511,81,79
1512,1512,80,80
1513,1513,91,77
1514,1514,86,86
1515,1515,88,81
1516,1516,94,94
1517,1517,96,87
1518,1518,81,81
1519,1519,93,86
1520,1520,91,86
1521,1521,97,77
1522,1522,93,89
1523,1523,93,88
1524,1524,82,79
1525,1525,96,85
1526,1526,92,77
1527,1527,82,82
1528,1528,69,67
1529,1529,82,82
1530,1530,91,74
1531,1531,72,56
1532,1532,74,74
1533,1533,74,74
1534,1534,85,70
1535,1535,80,59
1536,1536,56,56
1537,1537,63,63
1538,1538,56,45
1539,1539,69,43
1540,1540,63,61
1541,1541,43,43
1542,1542,44,44
1543,1543,46,45
1544,1544,59,52
1545,1545,49,35
1546,1546,71,61
1547,1547,46,46
1548,1548,52,52
1549,1549,73,69
1550,1550,47,47
1551,1551,48,36
1552,1552,63,43
1553,1553,78,68
1554,1554,83,82
1555,1555,87,84
1556,1556,82,82
1557,1557,82,75
1558,1558,81,81
1559,1559,96,93
1560,1560,88,76
1561,1561,83,78
1562,1562,86,80
1563,1563,88,88
1564,1564,96,94
1565,1565,83,83
1566,1566,86,84
1567,1567,80,78
1568,1568,95,86
1569,1569,83,80
1570,1570,93,81
1571,1571,90,78
1572,1572,87,73
1573,1573,75,75
1574,1574,84,74
1575,1575,72,72
1576,1576,71,59
1577,1577,95,78
1578,1578,80,61
1579,1579,86,60
1580,1580,87,61
1581,1581,99,87
1582,1582,95,83
1583,1583,98,83
1584,1584,92,86
1585,1585,92,90
1586,1586,94,78
1587,1587,87,87
1588,1588,81,77
1589,1589,85,85
1590,1590,89,59
1591,1591,80,80
1592,1592,80,80
1593,1593,92,56
1594,1594,78,62
1595,1595,77,77
1596,1596,82,74
1597,1597,78,63
1598,1598,89,62
1599,1599,70,65
1600,1600,43,43
1601,1601,64,57
1602,1602,43,36
1603,1603,63,57
1604,1604,61,59
1605,1605,62,61
1606,1606,55,50
1607,1607,44,44
1608,1608,79,79
1609,1609,73,56
1610,1610,75,75
1611,1611,68,68
1612,1612,75,75
1613,1613,75,65
1614,1614,78,67
1615,1615,90,59
1616,1616,74,71
1617,1617,88,60
1618,1618,83,76
1619,1619,81,81
1620,1620,67,67
1621,1621,86,75
1622,1622,84,84
1623,1623,70,56
1624,1624,70,70
1625,1625,88,84
1626,1626,76,38
1627,1627,49,49
1628,1628,59,59
1629,1629,44,44
1630,1630,58,45
1631,1631,65,50
1632,1632,55,54
1633,1633,67,62
1634,1634,50,50
1635,1635,82,66
1636,1636,88,86
1637,1637,93,60
1638,1638,67,67
1639,1639,93,60
1640,1640,91,63
1641,1641,81,62
1642,1642,95,88
1643,1643,72,62
1644,1644,87,87
1645,1645,86,83
1646,1646,98,76
1647,1647,83,83
1648,1648,87,83
1649,1649,91,90
1650,1650,80,80
1651,1651,81,81
1652,1652,89,89
1653,1653,92,75
1654,1654,88,84
1655,1655,87,84
1656,1656,94,94
1657,1657,100,88
1658,1658,82,82
1659,1659,90,88
1660,1660,85,83
1661,1661,99,92
1662,1662,90,63
1663,1663,74,74
1664,1664,72,72
1665,1665,85,63
1666,1666,90,75
1667,1667,69,69
1668,1668,75,73
1669,1669,70,70
1670,1670,93,69
1671,1671,94,60
1672,1672,87,65
1673,1673,84,71
1674,1674,70,62
1675,1675,89,84
1676,1676,72,68
1677,1677,90,72
1678,1678,69,69
1679,1679,91,73
1680,1680,80,80
1681,1681,94,82
1682,1682,94,77
1683,1683,90,87
1684,1684,93,93
1685,1685,81,76
1686,1686,91,91
1687,1687,99,76
1688,1688,92,84
1689,1689,98,80
1690,1690,90,89
1691,1691,96,88
1692,1692,81,79
1693,1693,88,86
1694,1694,88,88
1695,1695,96,85
1696,1696,95,79
1697,1697,100,89
1698,1698,70,51
1699,1699,47,47
1700,1700,75,66
1701,1701,49,42
1702,1702,58,46
1703,1703,57,48
1704,1704,73,46
1705,1705,71,41
1706,1706,47,47
1707,1707,67,67
1708,1708,79,72
1709,1709,66,66
1710,1710,88,63
1711,1711,85,73
1712,1712,67,67
1713,1713,72,72
1714,1714,70,70
1715,1715,89,64
1716,1716,89,89
1717,1717,83,83
1718,1718,92,90
1719,1719,82,82
1720,1720,93,93
1721,1721,90,89
1722,1722,84,84
1723,1723,82,82
1724,1724,95,84
1725,1725,81,81
1726,1726,67,57
1727,1727,78,61
1728,1728,91,71
1729,1729,89,87
1730,1730,79,66
1731,1731,66,60
1732,1732,75,75
1733,1733,90,71
1734,1734,92,61
1735,1735,77,62
1736,1736,79,79
1737,1737,84,84
1738,1738,84,78
1739,1739,86,80
1740,1740,69,55
1741,1741,87,67
1742,1742,85,64
1743,1743,82,67
1744,1744,69,69
1745,1745,93,64
1746,1746,80,80
1747,1747,72,67
1748,1748,77,58
1749,1749,92,82
1750,1750,88,73
1751,1751,81,81
1752,1752,75,39
1753,1753,70,42
1754,1754,62,62
1755,1755,58,47
1756,1756,72,49
1757,1757,78,64
1758,1758,64,61
1759,1759,63,63
1760,1760,53,53
1761,1761,95,78
1762,1762,95,84
1763,1763,80,80
1764,1764,85,80
1765,1765,81,77
1766,1766,87,78
1767,1767,90,86
1768,1768,97,83
1769,1769,96,94
1770,1770,69,42
1771,1771,46,46
1772,1772,47,47
1773,1773,58,58
1774,1774,46,44
1775,1775,48,42
1776,1776,66,35
1777,1777,61,53
1778,1778,63,61
1779,1779,87,79
1780,1780,93,89
1781,1781,91,75
1782,1782,96,77
1783,1783,85,85
1784,1784,100,79
1785,1785,100,96
1786,1786,93,87
1787,1787,89,85
1788,1788,84,84
1789,1789,97,94
1790,1790,91,91
1791,1791,89,77
1792,1792,84,84
1793,1793,82,82
1794,1794,100,80
1795,1795,97,93
1796,1796,89,88
1797,1797,100,91
1798,1798,100,78
1799,1799,80,80
1800,1800,98,93
1801,1801,97,94
1802,1802,98,96
1803,1803,87,78
1804,1804,91,89
1805,1805,93,77
1806,1806,94,77
1807,1807,98,92
1808,1808,88,88
1809,1809,94,90
1810,1810,85,79
1811,1811,94,79
1812,1812,96,78
1813,1813,81,80
1814,1814,83,83
1815,1815,73,44
1816,1816,63,54
1817,1817,49,44
1818,1818,59,53
1819,1819,71,35
1820,1820,42,42
1821,1821,68,56
1822,1822,78,43
1823,1823,69,63
1824,1824,90,81
1825,1825,75,57
1826,1826,88,72
1827,1827,87,56
1828,1828,87,74
1829,1829,82,60
1830,1830,83,58
1831,1831,89,85
1832,1832,86,66
1833,1833,93,83
1834,1834,75,75
1835,1835,94,56
1836,1836,65,65
1837,1837,68,61
1838,1838,70,70
1839,1839,95,81
1840,1840,95,75
1841,1841,74,74
1842,1842,64,42
1843,1843,78,50
1844,1844,64,42
1845,1845,75,61
1846,1846,54,36
1847,1847,46,46
1848,1848,48,48
1849,1849,72,48
1850,1850,74,45
1851,1851,66,55
1852,1852,84,73
1853,1853,66,66
1854,1854,86,79
1855,1855,71,71
1856,1856,82,59
1857,1857,68,63
1858,1858,93,82
1859,1859,90,75
1860,1860,90,85
1861,1861,90,75
1862,1862,80,80
1863,1863,85,85
1864,1864,95,87
1865,1865,100,95
1866,1866,94,94
1867,1867,92,92
1868,1868,80,78
1869,1869,41,41
1870,1870,52,40
1871,1871,54,49
1872,1872,42,42
1873,1873,78,48
1874,1874,65,42
1875,1875,71,45
1876,1876,76,46
1877,1877,44,43
1878,1878,73,67
1879,1879,87,71
1880,1880,65,65
1881,1881,66,66
1882,1882,73,62
1883,1883,76,76
1884,1884,72,58
1885,1885,79,75
1886,1886,67,56
1887,1887,75,74
1888,1888,65,65
1889,1889,90,76
1890,1890,80,70
1891,1891,91,76
1892,1892,67,67
1893,1893,83,62
1894,1894,66,66
1895,1895,67,63
1896,1896,44,41
1897,1897,58,58
1898,1898,66,49
1899,1899,40,40
1900,1900,46,46
1901,1901,41,41
1902,1902,46,41
1903,1903,77,47
1904,1904,72,51
1905,1905,72,63
1906,1906,74,74
1907,1907,76,74
1908,1908,69,64
1909,1909,74,74
1910,1910,86,64
1911,1911,91,58
1912,1912,71,67
1913,1913,86,85
1914,1914,90,90
1915,1915,83,83
1916,1916,95,82
1917,1917,87,87
1918,1918,90,87
1919,1919,80,80
1920,1920,97,78
1921,1921,100,93
1922,1922,80,80
1923,1923,51,51
1924,1924,52,36
1925,1925,46,36
1926,1926,47,47
1927,1927,55,55
1928,1928,73,62
1929,1929,49,43
1930,1930,64,58
1931,1931,55,37
1932,1932,84,84
1933,1933,88,79
1934,1934,95,81
1935,1935,99,77
1936,1936,100,91
1937,1937,85,85
1938,1938,95,90
1939,1939,100,93
1940,1940,86,86
1941,1941,98,80
1942,1942,97,77
1943,1943,94,91
1944,1944,94,91
1945,1945,94,88
1946,1946,90,83
1947,1947,87,83
1948,1948,82,82
1949,1949,100,77
1950,1950,82,67
1951,1951,73,73
1952,1952,92,72
1953,1953,69,69
1954,1954,91,77
1955,1955,77,55
1956,1956,89,64
1957,1957,88,68
1958,1958,90,84
1959,1959,89,81
1960,1960,82,56
1961,1961,69,69
1962,1962,90,77
1963,1963,86,80
1964,1964,74,74
1965,1965,66,63
1966,1966,75,75
1967,1967,77,59
1968,1968,95,83
1969,1969,70,61
1970,1970,91,86
1971,1971,94,79
1972,1972,86,86
1973,1973,81,55
1974,1974,78,78
1975,1975,82,81
1976,1976,95,68
1977,1977,80,65
1978,1978,83,67
1979,1979,73,67
1980,1980,67,67
1981,1981,75,75
1982,1982,88,60
1983,1983,79,77
1984,1984,74,74
1985,1985,70,70
1986,1986,94,66
1987,1987,87,57
1988,1988,73,73
1989,1989,88,68
1990,1990,89,62
1991,1991,68,68
1992,1992,79,65
1993,1993,79,56
1994,1994,88,84
1995,1995,81,75
1996,1996,84,84
1997,1997,94,77
1998,1998,94,79
1999,1999,85,80
2000,2000,85,84
2001,2001,85,77
2002,2002,88,79
2003,2003,81,81
2004,2004,90,88
2005,2005,93,61
2006,2006,66,55
2007,2007,71,70
2008,2008,67,56
2009,2009,75,67
2010,2010,95,61
2011,2011,70,65
2012,2012,91,75
2013,2013,82,80
2014,2014,71,61
2015,2015,77,75
2016,2016,72,59
2017,2017,84,78
2018,2018,78,74
2019,2019,68,65
2020,2020,75,75
2021,2021,87,63
2022,2022,92,85
2023,2023,94,83
2024,2024,72,72
2025,2025,72,56
2026,2026,74,70
2027,2027,84,60
2028,2028,74,67
2029,2029,66,66
2030,2030,95,83
2031,2031,81,81
2032,2032,89,75
2033,2033,90,82
2034,2034,87,87
2035,2035,92,91
2036,2036,80,77
2037,2037,86,76
2038,2038,86,79
2039,2039,86,82
2040,2040,88,67
2041,2041,72,72
2042,2042,85,67
2043,2043,67,67
2044,2044,79,79
2045,2045,89,64
2046,2046,65,65
2047,2047,94,74
2048,2048,88,66
2049,2049,75,65
2050,2050,70,47
2051,2051,40,40
2052,2052,65,61
2053,2053,63,59
2054,2054,77,39
2055,2055,47,47
2056,2056,67,51
2057,2057,62,62
2058,2058,93,82
2059,2059,91,91
2060,2060,100,79
2061,2061,84,83
2062,2062,85,75
2063,2063,92,87
2064,2064,82,82
2065,2065,85,85
2066,2066,97,96
2067,2067,82,78
2068,2068,91,79
2069,2069,92,84
2070,2070,95,75
2071,2071,93,91
2072,2072,93,80
2073,2073,84,81
2074,2074,83,83
2075,2075,86,76
2076,2076,94,94
2077,2077,100,80
2078,2078,83,83
2079,2079,87,87
2080,2080,80,76
2081,2081,98,76
2082,2082,80,80
2083,2083,88,88
2084,2084,93,85
2085,2085,86,80
2086,2086,76,76
2087,2087,92,80
2088,2088,69,56
2089,2089,73,70
2090,2090,86,85
2091,2091,65,65
2092,2092,66,66
2093,2093,80,80
2094,2094,95,95
2095,2095,92,84
2096,2096,96,93
2097,2097,81,79
2098,2098,97,89
2099,2099,83,83
2100,2100,86,80
2101,2101,82,78
2102,2102,85,85
2103,2103,95,62
2104,2104,85,85
2105,2105,92,69
2106,2106,84,59
2107,2107,87,79
2108,2108,95,82
2109,2109,68,68
2110,2110,88,67
2111,2111,76,63
2112,2112,77,69
2113,2113,67,55
2114,2114,48,48
2115,2115,46,46
2116,2116,60,44
2117,2117,54,54
2118,2118,58,44
2119,2119,42,42
2120,2120,47,47
2121,2121,87,79
2122,2122,69,68
2123,2123,72,58
2124,2124,92,86
2125,2125,91,65
2126,2126,75,75
2127,2127,89,80
2128,2128,74,73
2129,2129,92,80
2130,2130,81,81
2131,2131,84,84
2132,2132,84,81
2133,2133,100,75
2134,2134,83,83
2135,2135,92,88
2136,2136,81,78
2137,2137,81,78
2138,2138,98,88
2139,2139,80,74
2140,2140,85,79
2141,2141,86,60
2142,2142,85,79
2143,2143,76,55
2144,2144,80,80
2145,2145,83,83
2146,2146,90,66
2147,2147,87,82
2148,2148,74,46
2149,2149,65,65
2150,2150,73,66
2151,2151,74,42
2152,2152,47,46
2153,2153,40,40
2154,2154,42,42
2155,2155,45,45
2156,2156,45,42
2157,2157,40,40
2158,2158,73,53
2159,2159,76,66
2160,2160,62,62
2161,2161,42,42
2162,2162,53,43
2163,2163,62,52
2164,2164,44,44
2165,2165,50,50
2166,2166,84,84
2167,2167,88,88
2168,2168,91,91
2169,2169,99,80
2170,2170,93,87
2171,2171,82,82
2172,2172,97,88
2173,2173,91,85
2174,2174,87,83
2175,2175,83,78
2176,2176,89,89
2177,2177,96,86
2178,2178,97,83
2179,2179,85,85
2180,2180,91,91
2181,2181,99,87
2182,2182,80,80
2183,2183,84,79
2184,2184,63,50
2185,2185,69,46
2186,2186,69,67
2187,2187,73,49
2188,2188,59,59
2189,2189,45,39
2190,2190,50,38
2191,2191,71,35
2192,2192,72,43
2193,2193,97,78
2194,2194,80,80
2195,2195,87,87
2196,2196,96,96
2197,2197,85,85
2198,2198,87,80
2199,2199,96,86
2200,2200,92,80
2201,2201,87,87
2202,2202,80,80
2203,2203,89,89
2204,2204,94,94
2205,2205,80,80
2206,2206,83,75
2207,2207,92,86
2208,2208,86,77
2209,2209,93,78
2210,2210,88,82
2211,2211,70,70
2212,2212,91,83
2213,2213,78,55
2214,2214,71,62
2215,2215,77,77
2216,2216,70,67
2217,2217,73,62
2218,2218,90,63
2219,2219,93,80
2220,2220,65,63
2221,2221,89,70
2222,2222,78,55
2223,2223,80,60
2224,2224,69,69
2225,2225,68,68
2226,2226,91,82
2227,2227,90,61
2228,2228,70,67
2229,2229,73,67
2230,2230,84,67
2231,2231,78,78
2232,2232,72,69
2233,2233,81,81
2234,2234,73,73
2235,2235,78,70
2236,2236,66,55
2237,2237,71,71
2238,2238,71,58
2239,2239,40,40
2240,2240,63,58
2241,2241,78,58
2242,2242,77,59
2243,2243,78,42
2244,2244,52,47
2245,2245,44,44
2246,2246,70,47
2247,2247,88,88
2248,2248,94,94
2249,2249,82,82
2250,2250,96,75
2251,2251,84,84
2252,2252,86,86
2253,2253,96,77
2254,2254,92,92
2255,2255,88,81
2256,2256,65,65
2257,2257,81,71
2258,2258,87,72
2259,2259,66,66
2260,2260,95,72
2261,2261,90,58
2262,2262,91,68
2263,2263,76,76
2264,2264,93,71
2265,2265,100,75
2266,2266,88,80
2267,2267,98,78
2268,2268,100,83
2269,2269,97,81
2270,2270,88,81
2271,2271,92,79
2272,2272,93,86
2273,2273,95,80
2274,2274,85,85
2275,2275,85,85
2276,2276,84,77
2277,2277,100,87
2278,2278,80,80
2279,2279,83,75
2280,2280,81,79
2281,2281,84,84
2282,2282,80,78
2283,2283,98,89
2284,2284,95,79
2285,2285,88,88
2286,2286,81,78
2287,2287,93,79
2288,2288,87,87
2289,2289,89,82
2290,2290,83,83
2291,2291,83,83
2292,2292,45,37
2293,2293,73,56
2294,2294,49,49
2295,2295,46,46
2296,2296,56,39
2297,2297,49,44
2298,2298,70,39
2299,2299,57,44
2300,2300,51,51
2301,2301,78,76
2302,2302,94,70
2303,2303,82,82
2304,2304,77,60
2305,2305,83,69
2306,2306,65,65
2307,2307,82,82
2308,2308,66,66
2309,2309,89,63
2310,2310,94,81
2311,2311,66,63
2312,2312,69,69
2313,2313,78,78
2314,2314,83,59
2315,2315,70,56
2316,2316,72,59
2317,2317,78,64
2318,2318,69,69
2319,2319,85,55
2320,2320,93,57
2321,2321,70,55
2322,2322,95,84
2323,2323,94,87
2324,2324,94,65
2325,2325,77,63
2326,2326,66,66
2327,2327,82,59
2328,2328,64,45
2329,2329,67,47
2330,2330,63,56
2331,2331,74,41
2332,2332,59,47
2333,2333,42,42
2334,2334,76,37
2335,2335,42,38
2336,2336,40,40
2337,2337,88,77
2338,2338,68,68
2339,2339,68,68
2340,2340,83,79
2341,2341,66,66
2342,2342,67,60
2343,2343,71,64
2344,2344,95,87
2345,2345,85,85
2346,2346,67,37
2347,2347,64,50
2348,2348,44,44
2349,2349,46,35
2350,2350,75,40
2351,2351,50,50
2352,2352,63,57
2353,2353,69,51
2354,2354,68,43
2355,2355,92,88
2356,2356,84,84
2357,2357,90,86
2358,2358,94,83
2359,2359,81,81
2360,2360,87,87
2361,2361,89,87
2362,2362,82,82
2363,2363,82,82
2364,2364,83,77
2365,2365,92,88
2366,2366,90,85
2367,2367,95,78
2368,2368,84,84
2369,2369,98,76
2370,2370,81,81
2371,2371,86,76
2372,2372,93,83
2373,2373,67,67
2374,2374,78,78
2375,2375,70,58
2376,2376,75,74
2377,2377,78,78
2378,2378,70,70
2379,2379,77,55
2380,2380,71,59
2381,2381,69,69
2382,2382,84,84
2383,2383,93,83
2384,2384,94,79
2385,2385,98,78
2386,2386,86,86
2387,2387,99,87
2388,2388,86,86
2389,2389,91,75
2390,2390,83,83
2391,2391,82,82
2392,2392,68,66
2393,2393,82,65
2394,2394,92,82
2395,2395,95,61
2396,2396,68,60
2397,2397,78,61
2398,2398,94,61
2399,2399,90,57
2400,2400,82,79
2401,2401,95,62
2402,2402,79,79
2403,2403,90,80
2404,2404,72,72
2405,2405,73,73
2406,2406,78,70
2407,2407,66,55
2408,2408,91,88
2409,2409,67,50
2410,2410,65,38
2411,2411,48,48
2412,2412,60,60
2413,2413,48,48
2414,2414,65,51
2415,2415,60,48
2416,2416,40,40
2417,2417,45,45
2418,2418,70,70
2419,2419,71,70
2420,2420,77,71
2421,2421,94,64
2422,2422,83,61
2423,2423,68,61
2424,2424,70,60
2425,2425,94,68
2426,2426,65,65
2427,2427,64,55
2428,2428,50,46
2429,2429,76,37
2430,2430,62,62
2431,2431,40,40
2432,2432,47,47
2433,2433,73,67
2434,2434,63,42
2435,2435,48,48
2436,2436,67,67
2437,2437,79,79
2438,2438,94,67
2439,2439,92,72
2440,2440,90,74
2441,2441,88,86
2442,2442,84,72
2443,2443,84,79
2444,2444,76,59
2445,2445,78,73
2446,2446,95,88
2447,2447,70,70
2448,2448,72,59
2449,2449,69,69
2450,2450,65,65
2451,2451,75,69
2452,2452,84,68
2453,2453,73,59
2454,2454,60,47
2455,2455,71,37
2456,2456,47,47
2457,2457,64,50
2458,2458,76,35
2459,2459,65,37
2460,2460,42,42
2461,2461,46,46
2462,2462,62,60
2463,2463,65,54
2464,2464,47,47
2465,2465,54,38
2466,2466,60,60
2467,2467,63,63
2468,2468,43,43
2469,2469,43,43
2470,2470,64,52
2471,2471,77,64
2472,2472,93,93
2473,2473,96,82
2474,2474,88,85
2475,2475,82,82
2476,2476,91,91
2477,2477,100,81
2478,2478,95,76
2479,2479,94,87
2480,2480,86,86
2481,2481,79,64
2482,2482,69,69
2483,2483,79,79
2484,2484,67,67
2485,2485,95,61
2486,2486,88,62
2487,2487,70,70
2488,2488,79,77
2489,2489,67,67
2490,2490,61,38
2491,2491,43,43
2492,2492,58,47
2493,2493,73,66
2494,2494,43,43
2495,2495,43,37
2496,2496,74,41
2497,2497,65,60
2498,2498,57,57
2499,2499,99,84
2500,2500,96,94
2501,2501,87,80
2502,2502,85,85
2503,2503,80,80
2504,2504,85,83
2505,2505,80,80
2506,2506,80,80
2507,2507,81,75
2508,2508,69,61
2509,2509,75,75
2510,2510,82,71
2511,2511,79,55
2512,2512,75,75
2513,2513,93,85
2514,2514,88,56
2515,2515,72,64
2516,2516,83,82
2517,2517,92,92
2518,2518,100,96
2519,2519,96,80
2520,2520,90,87
2521,2521,88,84
2522,2522,90,90
2523,2523,98,86
2524,2524,95,95
2525,2525,96,84
2526,2526,44,44
2527,2527,58,42
2528,2528,67,57
2529,2529,56,43
2530,2530,72,70
2531,2531,57,44
2532,2532,77,40
2533,2533,62,50
2534,2534,67,60
2535,2535,93,93
2536,2536,84,84
2537,2537,93,92
2538,2538,89,89
2539,2539,85,85
2540,2540,83,79
2541,2541,96,96
2542,2542,93,89
2543,2543,80,80
2544,2544,74,70
2545,2545,84,73
2546,2546,69,69
2547,2547,89,88
2548,2548,66,66
2549,2549,75,61
2550,2550,87,76
2551,2551,83,83
2552,2552,71,71
2553,2553,100,79
2554,2554,80,80
2555,2555,82,75
2556,2556,96,78
2557,2557,80,80
2558,2558,83,83
2559,2559,87,87
2560,2560,94,94
2561,2561,100,75
2562,2562,74,47
2563,2563,46,46
2564,2564,64,41
2565,2565,49,36
2566,2566,64,35
2567,2567,68,37
2568,2568,48,48
2569,2569,40,40
2570,2570,72,48
2571,2571,49,49
2572,2572,69,43
2573,2573,59,59
2574,2574,70,59
2575,2575,51,51
2576,2576,48,48
2577,2577,77,60
2578,2578,50,49
2579,2579,70,55
2580,2580,64,61
2581,2581,56,42
2582,2582,68,58
2583,2583,51,51
2584,2584,48,48
2585,2585,68,53
2586,2586,67,67
2587,2587,77,36
2588,2588,53,37
2589,2589,92,59
2590,2590,95,88
2591,2591,83,83
2592,2592,93,63
2593,2593,85,79
2594,2594,69,69
2595,2595,72,58
2596,2596,72,72
2597,2597,87,77
2598,2598,73,67
2599,2599,74,42
2600,2600,56,36
2601,2601,52,52
2602,2602,53,53
2603,2603,43,43
2604,2604,76,37
2605,2605,66,40
2606,2606,48,48
2607,2607,91,88
2608,2608,87,75
2609,2609,86,86
2610,2610,80,80
2611,2611,92,79
2612,2612,84,78
2613,2613,91,86
2614,2614,81,81
2615,2615,87,87
2616,2616,88,70
2617,2617,69,69
2618,2618,76,70
2619,2619,77,77
2620,2620,67,67
2621,2621,87,77
2622,2622,79,74
2623,2623,74,70
2624,2624,87,87
2625,2625,99,90
2626,2626,84,84
2627,2627,86,78
2628,2628,84,76
2629,2629,100,89
2630,2630,81,81
2631,2631,82,76
2632,2632,95,75
2633,2633,81,81
2634,2634,59,37
2635,2635,41,41
2636,2636,77,48
2637,2637,67,62
2638,2638,43,41
2639,2639,58,58
2640,2640,76,68
2641,2641,69,50
2642,2642,57,40
2643,2643,91,83
2644,2644,99,75
2645,2645,90,83
2646,2646,80,80
2647,2647,91,90
2648,2648,93,76
2649,2649,99,92
2650,2650,85,83
2651,2651,95,79
2652,2652,72,62
2653,2653,81,81
2654,2654,87,69
2655,2655,73,71
2656,2656,92,77
2657,2657,72,72
2658,2658,68,68
2659,2659,83,78
2660,2660,67,67
2661,2661,61,61
2662,2662,58,36
2663,2663,49,36
2664,2664,60,60
2665,2665,77,57
2666,2666,77,37
2667,2667,45,39
2668,2668,76,67
2669,2669,66,66
2670,2670,96,89
2671,2671,98,84
2672,2672,91,82
2673,2673,83,82
2674,2674,93,86
2675,2675,82,82
2676,2676,94,88
2677,2677,84,84
2678,2678,98,96
2679,2679,83,77
2680,2680,84,84
2681,2681,86,80
2682,2682,83,83
2683,2683,95,78
2684,2684,93,75
2685,2685,84,84
2686,2686,93,86
2687,2687,87,84
2688,2688,88,57
2689,2689,95,83
2690,2690,88,82
2691,2691,69,66
2692,2692,91,87
2693,2693,83,78
2694,2694,75,75
2695,2695,73,61
2696,2696,66,66
2697,2697,75,75
2698,2698,69,57
2699,2699,88,68
2700,2700,93,75
2701,2701,68,68
2702,2702,93,65
2703,2703,84,61
2704,2704,69,61
2705,2705,89,65
2706,2706,90,67
2707,2707,65,65
2708,2708,83,82
2709,2709,91,84
2710,2710,87,62
2711,2711,73,60
2712,2712,88,62
2713,2713,88,69
2714,2714,81,76
2715,2715,82,82
2716,2716,83,83
2717,2717,100,76
2718,2718,87,79
2719,2719,87,87
2720,2720,95,80
2721,2721,86,86
2722,2722,86,75
2723,2723,99,81
2724,2724,77,50
2725,2725,51,51
2726,2726,71,66
2727,2727,62,62
2728,2728,47,47
2729,2729,55,55
2730,2730,60,42
2731,2731,48,48
2732,2732,78,61
2733,2733,93,76
2734,2734,90,88
2735,2735,92,83
2736,2736,87,85
2737,2737,94,88
2738,2738,97,81
2739,2739,99,94
2740,2740,80,75
2741,2741,90,86
2742,2742,97,81
2743,2743,92,82
2744,2744,91,85
2745,2745,87,75
2746,2746,96,78
2747,2747,81,80
2748,2748,100,82
2749,2749,92,92
2750,2750,88,77
2751,2751,78,56
2752,2752,84,64
2753,2753,77,67
2754,2754,90,75
2755,2755,74,72
2756,2756,85,85
2757,2757,72,72
2758,2758,94,87
2759,2759,80,80
2760,2760,41,41
2761,2761,70,41
2762,2762,45,41
2763,2763,71,50
2764,2764,70,68
2765,2765,54,38
2766,2766,59,56
2767,2767,76,61
2768,2768,53,53
2769,2769,60,60
2770,2770,45,41
2771,2771,48,35
2772,2772,50,47
2773,2773,42,42
2774,2774,73,66
2775,2775,66,60
2776,2776,58,52
2777,2777,63,45
2778,2778,63,63
2779,2779,53,53
2780,2780,48,45
2781,2781,40,40
2782,2782,44,35
2783,2783,46,46
2784,2784,69,45
2785,2785,54,54
2786,2786,57,53
2787,2787,65,51
2788,2788,52,39
2789,2789,53,52
2790,2790,48,48
2791,2791,61,52
2792,2792,70,48
2793,2793,53,40
2794,2794,49,45
2795,2795,44,38
2796,2796,89,89
2797,2797,92,87
2798,2798,91,84
2799,2799,82,82
2800,2800,100,83
2801,2801,97,89
2802,2802,83,83
2803,2803,85,75
2804,2804,91,88
2805,2805,71,71
2806,2806,65,65
2807,2807,65,65
2808,2808,94,71
2809,2809,73,57
2810,2810,77,57
2811,2811,73,58
2812,2812,92,85
2813,2813,80,66
2814,2814,49,46
2815,2815,66,42
2816,2816,43,43
2817,2817,52,36
2818,2818,60,45
2819,2819,63,63
2820,2820,66,38
2821,2821,72,44
2822,2822,68,37
2823,2823,100,75
2824,2824,83,83
2825,2825,82,82
2826,2826,82,80
2827,2827,98,95
2828,2828,80,80
2829,2829,87,84
2830,2830,86,79
2831,2831,89,80
2832,2832,71,71
2833,2833,74,71
2834,2834,80,77
2835,2835,85,85
2836,2836,91,65
2837,2837,77,64
2838,2838,87,82
2839,2839,90,73
2840,2840,81,72
2841,2841,88,76
2842,2842,100,80
2843,2843,90,86
2844,2844,81,81
2845,2845,80,80
2846,2846,100,78
2847,2847,85,85
2848,2848,94,94
2849,2849,93,87
2850,2850,80,80
2851,2851,93,69
2852,2852,81,61
2853,2853,95,80
2854,2854,70,70
2855,2855,95,88
2856,2856,89,63
2857,2857,95,58
2858,2858,89,64
2859,2859,84,81
2860,2860,82,80
2861,2861,82,82
2862,2862,91,75
2863,2863,95,92
2864,2864,95,95
2865,2865,87,78
2866,2866,84,84
2867,2867,93,93
2868,2868,83,56
2869,2869,89,70
2870,2870,91,55
2871,2871,94,59
2872,2872,71,57
2873,2873,75,75
2874,2874,74,74
2875,2875,66,66
2876,2876,70,70
2877,2877,83,83
2878,2878,80,80
2879,2879,92,92
2880,2880,92,88
2881,2881,88,88
2882,2882,94,91
2883,2883,90,90
2884,2884,85,85
2885,2885,82,79
2886,2886,69,62
2887,2887,47,47
2888,2888,78,58
2889,2889,58,36
2890,2890,62,61
2891,2891,42,42
2892,2892,65,50
2893,2893,48,44
2894,2894,57,57
2895,2895,73,64
2896,2896,42,42
2897,2897,46,46
2898,2898,61,54
2899,2899,56,40
2900,2900,47,47
2901,2901,72,69
2902,2902,43,43
2903,2903,67,52
2904,2904,74,72
2905,2905,90,81
2906,2906,79,75
2907,2907,87,75
2908,2908,88,84
2909,2909,75,75
2910,2910,75,75
2911,2911,69,69
2912,2912,82,65
2913,2913,83,60
2914,2914,76,60
2915,2915,76,74
2916,2916,86,84
2917,2917,70,70
2918,2918,89,56
2919,2919,88,86
2920,2920,82,63
2921,2921,68,61
2922,2922,85,80
2923,2923,92,92
2924,2924,93,93
2925,2925,100,78
2926,2926,100,95
2927,2927,92,82
2928,2928,94,84
2929,2929,85,85
2930,2930,90,89
2931,2931,100,88
2932,2932,100,75
2933,2933,99,91
2934,2934,93,75
2935,2935,98,95
2936,2936,91,75
2937,2937,100,87
2938,2938,85,85
2939,2939,85,85
2940,2940,71,71
2941,2941,79,70
2942,2942,81,62
2943,2943,92,65
2944,2944,67,55
2945,2945,78,78
2946,2946,67,67
2947,2947,82,62
2948,2948,82,56
2949,2949,81,81
2950,2950,100,95
2951,2951,83,79
2952,2952,98,78
2953,2953,90,79
2954,2954,86,83
2955,2955,82,82
2956,2956,87,83
2957,2957,90,89
2958,2958,93,78
2959,2959,74,65
2960,2960,87,83
2961,2961,90,63
2962,2962,77,71
2963,2963,71,71
2964,2964,76,76
2965,2965,77,77
2966,2966,76,64
2967,2967,95,95
2968,2968,85,85
2969,2969,82,82
2970,2970,84,83
2971,2971,83,83
2972,2972,98,95
2973,2973,96,82
2974,2974,81,81
2975,2975,96,77
2976,2976,67,58
2977,2977,72,71
2978,2978,94,70
2979,2979,70,57
2980,2980,73,60
2981,2981,94,59
2982,2982,74,58
2983,2983,89,85
2984,2984,90,58
2985,2985,80,67
2986,2986,84,84
2987,2987,78,62
2988,2988,85,67
2989,2989,89,84
2990,2990,78,72
2991,2991,81,81
2992,2992,74,71
2993,2993,73,73
2994,2994,80,55
2995,2995,80,80
2996,2996,78,74
2997,2997,75,66
2998,2998,72,68
2999,2999,89,88
3000,3000,94,68
3001,3001,70,67
3002,3002,92,65
3003,3003,85,81
3004,3004,94,71
3005,3005,74,74
3006,3006,76,75
3007,3007,77,77
3008,3008,66,66
3009,3009,79,72
3010,3010,71,71
3011,3011,75,75
3012,3012,71,71
3013,3013,67,67
3014,3014,95,85
3015,3015,89,79
3016,3016,80,70
3017,3017,77,58
3018,3018,73,73
3019,3019,80,63
3020,3020,89,81
3021,3021,82,82
3022,3022,88,88
3023,3023,80,79
3024,3024,90,86
3025,3025,86,80
3026,3026,91,85
3027,3027,88,83
3028,3028,84,78
3029,3029,95,76
3030,3030,81,81
3031,3031,97,90
3032,3032,82,77
3033,3033,83,83
3034,3034,82,82
3035,3035,86,77
3036,3036,88,88
3037,3037,84,84
3038,3038,98,85
3039,3039,78,56
3040,3040,84,79
3041,3041,78,64
3042,3042,86,75
3043,3043,71,71
3044,3044,83,64
3045,3045,74,66
3046,3046,95,57
3047,3047,95,59
3048,3048,70,70
3049,3049,94,68
3050,3050,93,83
3051,3051,65,65
3052,3052,71,71
3053,3053,71,68
3054,3054,68,60
3055,3055,83,83
3056,3056,68,68
3057,3057,71,60
3058,3058,73,73
3059,3059,65,65
3060,3060,92,61
3061,3061,91,59
3062,3062,74,69
3063,3063,85,79
3064,3064,95,72
3065,3065,66,64
3066,3066,80,57
3067,3067,92,73
3068,3068,70,70
3069,3069,95,64
3070,3070,70,70
3071,3071,70,56
3072,3072,85,78
3073,3073,75,56
3074,3074,93,85
3075,3075,84,84
3076,3076,76,69
3077,3077,68,68
3078,3078,93,83
3079,3079,85,55
3080,3080,93,71
3081,3081,76,61
3082,3082,92,67
3083,3083,90,64
3084,3084,99,78
3085,3085,89,85
3086,3086,98,91
3087,3087,88,79
3088,3088,84,84
3089,3089,92,92
3090,3090,85,75
3091,3091,87,80
3092,3092,95,90
3093,3093,77,77
3094,3094,73,73
3095,3095,89,87
3096,3096,93,66
3097,3097,80,80
3098,3098,75,75
3099,3099,78,56
3100,3100,72,72
3101,3101,87,73
3102,3102,95,60
3103,3103,70,70
3104,3104,81,67
3105,3105,89,56
3106,3106,81,64
3107,3107,66,66
3108,3108,81,65
3109,3109,70,69
3110,3110,69,69
3111,3111,89,87
3112,3112,95,89
3113,3113,89,75
3114,3114,89,81
3115,3115,82,76
3116,3116,95,80
3117,3117,87,87
3118,3118,92,92
3119,3119,82,82
3120,3120,90,75
3121,3121,96,78
3122,3122,87,87
3123,3123,97,94
3124,3124,90,83
3125,3125,88,78
3126,3126,85,85
3127,3127,83,77
3128,3128,99,86
3129,3129,85,61
3130,3130,88,72
3131,3131,75,75
3132,3132,76,60
3133,3133,80,70
3134,3134,78,72
3135,3135,87,86
3136,3136,77,77
3137,3137,66,61
3138,3138,55,55
3139,3139,78,61
3140,3140,42,42
3141,3141,69,68
3142,3142,67,36
3143,3143,61,41
3144,3144,41,41
3145,3145,62,57
3146,3146,68,38
3147,3147,75,75
3148,3148,70,70
3149,3149,84,69
3150,3150,94,60
3151,3151,80,66
3152,3152,92,86
3153,3153,93,78
3154,3154,75,56
3155,3155,94,87
3156,3156,92,92
3157,3157,82,82
3158,3158,88,79
3159,3159,92,79
3160,3160,89,89
3161,3161,87,87
3162,3162,84,84
3163,3163,87,82
3164,3164,100,81
3165,3165,70,63
3166,3166,76,47
3167,3167,77,60
3168,3168,64,51
3169,3169,56,56
3170,3170,55,55
3171,3171,48,48
3172,3172,55,55
3173,3173,72,65
3174,3174,88,77
3175,3175,82,69
3176,3176,66,66
3177,3177,78,59
3178,3178,82,82
3179,3179,76,76
3180,3180,86,77
3181,3181,83,71
3182,3182,87,86
3183,3183,97,96
3184,3184,96,88
3185,3185,98,85
3186,3186,81,81
3187,3187,82,82
3188,3188,85,81
3189,3189,85,80
3190,3190,83,83
3191,3191,98,96
3192,3192,89,86
3193,3193,88,88
3194,3194,86,82
3195,3195,82,82
3196,3196,88,75
3197,3197,97,76
3198,3198,80,80
3199,3199,89,75
3200,3200,91,77
3201,3201,86,86
3202,3202,84,84
3203,3203,94,80
3204,3204,94,75
3205,3205,83,83
3206,3206,85,85
3207,3207,95,81
3208,3208,90,89
3209,3209,92,89
3210,3210,87,87
3211,3211,91,76
3212,3212,98,78
3213,3213,100,85
3214,3214,97,91
3215,3215,86,84
3216,3216,86,84
3217,3217,93,87
3218,3218,83,83
3219,3219,90,73
3220,3220,81,57
3221,3221,93,66
3222,3222,82,56
3223,3223,71,71
3224,3224,91,82
3225,3225,70,70
3226,3226,94,68
3227,3227,93,69
3228,3228,66,66
3229,3229,94,73
3230,3230,91,76
3231,3231,91,69
3232,3232,66,64
3233,3233,86,71
3234,3234,83,74
3235,3235,88,72
3236,3236,91,81
3237,3237,99,75
3238,3238,94,79
3239,3239,100,78
3240,3240,95,77
3241,3241,88,88
3242,3242,89,89
3243,3243,88,78
3244,3244,86,77
3245,3245,84,84
3246,3246,91,79
3247,3247,90,59
3248,3248,79,64
3249,3249,86,86
3250,3250,71,71
3251,3251,69,69
3252,3252,70,70
3253,3253,66,66
3254,3254,81,59
3255,3255,94,75
3256,3256,87,87
3257,3257,84,84
3258,3258,82,82
3259,3259,85,85
3260,3260,83,83
3261,3261,98,76
3262,3262,83,82
3263,3263,97,77
3264,3264,84,79
3265,3265,86,86
3266,3266,85,84
3267,3267,79,78
3268,3268,88,66
3269,3269,73,65
3270,3270,90,74
3271,3271,87,69
3272,3272,85,77
3273,3273,94,89
3274,3274,90,85
3275,3275,96,81
3276,3276,98,81
3277,3277,99,86
3278,3278,93,86
3279,3279,84,84
3280,3280,89,89
3281,3281,90,90
3282,3282,65,65
3283,3283,73,64
3284,3284,90,67
3285,3285,72,63
3286,3286,84,84
3287,3287,86,61
3288,3288,65,58
3289,3289,94,77
3290,3290,71,71
3291,3291,91,83
3292,3292,74,74
3293,3293,93,64
3294,3294,94,81
3295,3295,80,72
3296,3296,68,64
3297,3297,66,63
3298,3298,80,65
3299,3299,91,78
3300,3300,95,95
3301,3301,82,82
3302,3302,89,89
3303,3303,86,86
3304,3304,82,82
3305,3305,80,80
3306,3306,85,85
3307,3307,88,88
3308,3308,90,80
3309,3309,93,85
3310,3310,94,94
3311,3311,84,84
3312,3312,89,87
3313,3313,92,76
3314,3314,92,85
3315,3315,93,88
3316,3316,91,83
3317,3317,88,77
3318,3318,93,62
3319,3319,89,61
3320,3320,67,64
3321,3321,67,59
3322,3322,90,76
3323,3323,69,69
3324,3324,86,61
3325,3325,69,67
3326,3326,70,60
3327,3327,43,40
3328,3328,52,52
3329,3329,71,46
3330,3330,77,38
3331,3331,45,45
3332,3332,74,47
3333,3333,44,44
3334,3334,54,45
3335,3335,58,58
3336,3336,88,70
3337,3337,95,71
3338,3338,66,59
3339,3339,66,66
3340,3340,87,83
3341,3341,67,67
3342,3342,76,59
3343,3343,75,75
3344,3344,76,76
3345,3345,72,65
3346,3346,79,79
3347,3347,95,80
3348,3348,79,64
3349,3349,78,56
3350,3350,77,64
3351,3351,90,66
3352,3352,71,61
3353,3353,73,73
3354,3354,97,83
3355,3355,95,88
3356,3356,95,95
3357,3357,82,82
3358,3358,84,82
3359,3359,86,86
3360,3360,100,80
3361,3361,99,88
3362,3362,96,84
3363,3363,95,77
3364,3364,87,81
3365,3365,90,90
3366,3366,88,88
3367,3367,86,79
3368,3368,98,82
3369,3369,87,87
3370,3370,90,90
3371,3371,84,84
3372,3372,93,72
3373,3373,71,71
3374,3374,89,58
3375,3375,65,65
3376,3376,82,64
3377,3377,80,75
3378,3378,91,67
3379,3379,68,68
3380,3380,71,71
3381,3381,89,83
3382,3382,80,80
3383,3383,91,89
3384,3384,94,94
3385,3385,94,85
3386,3386,88,81
3387,3387,85,85
3388,3388,83,76
3389,3389,91,79
3390,3390,70,70
3391,3391,85,73
3392,3392,66,66
3393,3393,69,69
3394,3394,69,61
3395,3395,72,60
3396,3396,75,60
3397,3397,80,80
3398,3398,85,80
3399,3399,47,47
3400,3400,75,36
3401,3401,54,54
3402,3402,54,44
3403,3403,60,55
3404,3404,65,36
3405,3405,41,41
3406,3406,77,37
3407,3407,40,40
3408,3408,92,81
3409,3409,100,94
3410,3410,96,87
3411,3411,99,83
3412,3412,88,87
3413,3413,80,80
3414,3414,96,87
3415,3415,92,78
3416,3416,86,86
3417,3417,43,43
3418,3418,56,48
3419,3419,53,46
3420,3420,64,55
3421,3421,50,50
3422,3422,55,39
3423,3423,41,38
3424,3424,40,40
3425,3425,50,41
3426,3426,91,77
3427,3427,89,76
3428,3428,88,88
3429,3429,86,78
3430,3430,80,80
3431,3431,87,87
3432,3432,97,83
3433,3433,95,77
3434,3434,82,82
3435,3435,70,55
3436,3436,67,67
3437,3437,71,71
3438,3438,92,67
3439,3439,65,57
3440,3440,78,78
3441,3441,88,58
3442,3442,76,76
3443,3443,76,76
3444,3444,66,46
3445,3445,62,53
3446,3446,71,69
3447,3447,45,45
3448,3448,62,62
3449,3449,50,37
3450,3450,49,49
3451,3451,50,43
3452,3452,65,40
3453,3453,76,35
3454,3454,50,49
3455,3455,71,42
3456,3456,63,63
3457,3457,65,49
3458,3458,46,46
3459,3459,52,35
3460,3460,46,46
3461,3461,59,50
3462,3462,52,36
3463,3463,53,46
3464,3464,44,44
3465,3465,62,60
3466,3466,61,59
3467,3467,77,65
3468,3468,71,37
3469,3469,56,56
3470,3470,74,41
3471,3471,66,66
3472,3472,73,60
3473,3473,87,61
3474,3474,72,72
3475,3475,89,83
3476,3476,65,63
3477,3477,65,65
3478,3478,79,72
3479,3479,94,58
3480,3480,68,53
3481,3481,78,56
3482,3482,44,44
3483,3483,64,46
3484,3484,51,49
3485,3485,71,49
3486,3486,47,41
3487,3487,78,36
3488,3488,67,36
3489,3489,42,42
3490,3490,44,39
3491,3491,62,62
3492,3492,48,42
3493,3493,51,47
3494,3494,63,63
3495,3495,51,51
3496,3496,52,44
3497,3497,65,35
3498,3498,88,88
3499,3499,84,84
3500,3500,86,81
3501,3501,86,78
3502,3502,100,92
3503,3503,84,84
3504,3504,95,91
3505,3505,85,82
3506,3506,100,86
3507,3507,90,87
3508,3508,91,87
3509,3509,87,79
3510,3510,96,88
3511,3511,85,82
3512,3512,82,82
3513,3513,97,77
3514,3514,100,76
3515,3515,94,94
3516,3516,92,85
3517,3517,92,63
3518,3518,80,76
3519,3519,67,67
3520,3520,92,73
3521,3521,94,75
3522,3522,76,74
3523,3523,86,81
3524,3524,86,67
3525,3525,91,91
3526,3526,94,93
3527,3527,89,89
3528,3528,100,85
3529,3529,95,86
3530,3530,88,88
3531,3531,88,88
3532,3532,92,92
3533,3533,86,83
3534,3534,83,81
3535,3535,78,78
3536,3536,77,75
3537,3537,76,58
3538,3538,68,68
3539,3539,88,82
3540,3540,83,58
3541,3541,84,72
3542,3542,72,72
3543,3543,75,69
3544,3544,77,68
3545,3545,70,60
3546,3546,73,73
3547,3547,78,69
3548,3548,93,66
3549,3549,65,65
3550,3550,92,79
3551,3551,92,60
3552,3552,64,36
3553,3553,71,62
3554,3554,60,36
3555,3555,68,48
3556,3556,78,59
3557,3557,53,53
3558,3558,58,49
3559,3559,41,41
3560,3560,41,41
3561,3561,93,77
3562,3562,88,86
3563,3563,85,80
3564,3564,96,94
3565,3565,81,81
3566,3566,82,80
3567,3567,81,81
3568,3568,94,79
3569,3569,88,80
3570,3570,82,82
3571,3571,85,84
3572,3572,85,82
3573,3573,99,77
3574,3574,85,85
3575,3575,91,80
3576,3576,87,75
3577,3577,88,88
3578,3578,81,81
3579,3579,87,87
3580,3580,88,88
3581,3581,83,82
3582,3582,81,77
3583,3583,89,89
3584,3584,92,92
3585,3585,96,89
3586,3586,91,91
3587,3587,92,83
3588,3588,90,57
3589,3589,76,74
3590,3590,77,77
3591,3591,80,67
3592,3592,89,64
3593,3593,89,63
3594,3594,72,64
3595,3595,79,71
3596,3596,79,78
3597,3597,49,41
3598,3598,69,59
3599,3599,44,44
3600,3600,70,37
3601,3601,70,39
3602,3602,72,45
3603,3603,75,52
3604,3604,73,58
3605,3605,69,57
3606,3606,77,42
3607,3607,67,67
3608,3608,76,67
3609,3609,64,56
3610,3610,57,44
3611,3611,45,45
3612,3612,42,42
3613,3613,66,47
3614,3614,49,49
3615,3615,44,44
3616,3616,70,39
3617,3617,50,50
3618,3618,61,58
3619,3619,56,56
3620,3620,61,55
3621,3621,77,68
3622,3622,55,49
3623,3623,57,56
3624,3624,81,81
3625,3625,83,79
3626,3626,87,82
3627,3627,83,83
3628,3628,92,88
3629,3629,87,80
3630,3630,82,82
3631,3631,92,88
3632,3632,80,80
3633,3633,95,87
3634,3634,87,84
3635,3635,90,80
3636,3636,82,78
3637,3637,80,79
3638,3638,82,82
3639,3639,95,80
3640,3640,91,91
3641,3641,91,91
3642,3642,83,76
3643,3643,81,81
3644,3644,85,85
3645,3645,88,88
3646,3646,82,82
3647,3647,99,83
3648,3648,96,78
3649,3649,89,76
3650,3650,85,85
3651,3651,92,88
3652,3652,89,89
3653,3653,84,79
3654,3654,83,79
3655,3655,84,77
3656,3656,90,90
3657,3657,93,78
3658,3658,97,93
3659,3659,95,95
3660,3660,66,57
3661,3661,77,66
3662,3662,95,80
3663,3663,79,63
3664,3664,87,82
3665,3665,89,66
3666,3666,95,71
3667,3667,75,64
3668,3668,81,81
3669,3669,65,65
3670,3670,76,76
3671,3671,91,87
3672,3672,86,86
3673,3673,81,67
3674,3674,90,57
3675,3675,82,73
3676,3676,66,66
3677,3677,85,59
3678,3678,87,85
3679,3679,88,84
3680,3680,87,87
3681,3681,88,75
3682,3682,94,82
3683,3683,82,82
3684,3684,93,75
3685,3685,100,84
3686,3686,95,93
3687,3687,92,70
3688,3688,88,76
3689,3689,65,65
3690,3690,95,85
3691,3691,88,71
3692,3692,73,73
3693,3693,88,65
3694,3694,74,74
3695,3695,85,59
3696,3696,55,39
3697,3697,57,46
3698,3698,47,47
3699,3699,69,67
3700,3700,57,40
3701,3701,51,51
3702,3702,56,36
3703,3703,45,39
3704,3704,73,69
3705,3705,92,79
3706,3706,90,87
3707,3707,70,67
3708,3708,83,59
3709,3709,91,86
3710,3710,75,75
3711,3711,79,67
3712,3712,86,78
3713,3713,91,55
3714,3714,81,62
3715,3715,82,76
3716,3716,90,75
3717,3717,78,73
3718,3718,95,74
3719,3719,87,71
3720,3720,73,73
3721,3721,81,78
3722,3722,74,74
3723,3723,94,88
3724,3724,76,62
3725,3725,75,75
3726,3726,71,60
3727,3727,91,60
3728,3728,83,74
3729,3729,68,68
3730,3730,94,81
3731,3731,88,58
3732,3732,68,68
3733,3733,77,61
3734,3734,82,70
3735,3735,85,61
3736,3736,71,63
3737,3737,92,87
3738,3738,86,86
3739,3739,88,67
3740,3740,78,68
3741,3741,84,84
3742,3742,98,84
3743,3743,83,83
3744,3744,80,78
3745,3745,88,79
3746,3746,98,78
3747,3747,81,81
3748,3748,82,82
3749,3749,88,78
3750,3750,87,55
3751,3751,79,64
3752,3752,68,68
3753,3753,86,86
3754,3754,71,64
3755,3755,92,70
3756,3756,78,58
3757,3757,70,58
3758,3758,88,84
3759,3759,49,49
3760,3760,40,40
3761,3761,77,64
3762,3762,68,47
3763,3763,70,59
3764,3764,68,43
3765,3765,71,59
3766,3766,72,44
3767,3767,73,51
3768,3768,92,75
3769,3769,83,82
3770,3770,87,87
3771,3771,98,91
3772,3772,96,75
3773,3773,97,88
3774,3774,86,80
3775,3775,93,83
3776,3776,86,86
3777,3777,70,47
3778,3778,61,57
3779,3779,61,61
3780,3780,41,39
3781,3781,54,54
3782,3782,66,66
3783,3783,75,63
3784,3784,53,48
3785,3785,40,40
3786,3786,53,40
3787,3787,47,40
3788,3788,74,50
3789,3789,74,45
3790,3790,40,40
3791,3791,66,56
3792,3792,54,52
3793,3793,62,62
3794,3794,46,36
3795,3795,81,80
3796,3796,84,84
3797,3797,87,87
3798,3798,86,86
3799,3799,89,89
3800,3800,85,85
3801,3801,81,81
3802,3802,93,78
3803,3803,82,79
3804,3804,73,73
3805,3805,81,76
3806,3806,84,68
3807,3807,84,83
3808,3808,71,56
3809,3809,89,84
3810,3810,68,63
3811,3811,87,62
3812,3812,85,63
3813,3813,69,69
3814,3814,84,59
3815,3815,75,75
3816,3816,75,63
3817,3817,80,68
3818,3818,87,60
3819,3819,67,67
3820,3820,88,75
3821,3821,92,76
3822,3822,90,56
3823,3823,88,60
3824,3824,95,61
3825,3825,85,78
3826,3826,95,56
3827,3827,75,75
3828,3828,81,73
3829,3829,67,64
3830,3830,80,73
3831,3831,89,73
3832,3832,75,75
3833,3833,79,56
3834,3834,86,71
3835,3835,85,76
3836,3836,73,73
3837,3837,68,68
3838,3838,81,69
3839,3839,66,66
3840,3840,87,57
3841,3841,71,70
3842,3842,82,82
3843,3843,65,65
3844,3844,73,58
3845,3845,73,73
3846,3846,81,55
3847,3847,95,66
3848,3848,93,70
3849,3849,85,59
3850,3850,86,59
3851,3851,86,73
3852,3852,85,74
3853,3853,72,72
3854,3854,88,88
3855,3855,95,71
3856,3856,91,79
3857,3857,77,65
3858,3858,70,70
3859,3859,76,76
3860,3860,71,56
3861,3861,74,74
3862,3862,81,81
3863,3863,89,69
3864,3864,82,82
3865,3865,73,73
3866,3866,84,58
3867,3867,92,73
3868,3868,71,71
3869,3869,83,75
3870,3870,88,69
3871,3871,67,61
3872,3872,79,62
3873,3873,71,70
3874,3874,71,71
3875,3875,75,69
3876,3876,94,87
3877,3877,77,61
3878,3878,78,78
3879,3879,70,68
3880,3880,65,61
3881,3881,82,63
3882,3882,65,65
3883,3883,85,85
3884,3884,84,62
3885,3885,99,86
3886,3886,89,89
3887,3887,96,95
3888,3888,97,84
3889,3889,95,85
3890,3890,93,81
3891,3891,86,86
3892,3892,87,87
3893,3893,82,77
3894,3894,84,84
3895,3895,81,81
3896,3896,90,82
3897,3897,93,76
3898,3898,84,84
3899,3899,81,81
3900,3900,86,86
3901,3901,82,75
3902,3902,82,82
3903,3903,90,86
3904,3904,97,80
3905,3905,100,90
3906,3906,84,84
3907,3907,88,84
3908,3908,87,84
3909,3909,96,89
3910,3910,87,87
3911,3911,96,79
3912,3912,88,62
3913,3913,79,56
3914,3914,76,59
3915,3915,70,56
3916,3916,73,65
3917,3917,83,81
3918,3918,77,73
3919,3919,89,84
3920,3920,69,69
3921,3921,90,90
3922,3922,96,84
3923,3923,86,80
3924,3924,87,84
3925,3925,93,87
3926,3926,81,81
3927,3927,97,90
3928,3928,94,88
3929,3929,94,80
3930,3930,73,49
3931,3931,63,50
3932,3932,75,36
3933,3933,40,40
3934,3934,47,44
3935,3935,67,56
3936,3936,49,49
3937,3937,49,49
3938,3938,75,59
3939,3939,86,75
3940,3940,83,83
3941,3941,86,86
3942,3942,83,83
3943,3943,92,92
3944,3944,89,89
3945,3945,80,80
3946,3946,80,80
3947,3947,92,87
3948,3948,96,81
3949,3949,99,85
3950,3950,80,76
3951,3951,81,81
3952,3952,100,94
3953,3953,81,81
3954,3954,100,91
3955,3955,94,94
3956,3956,91,82
3957,3957,94,94
3958,3958,94,79
3959,3959,93,93
3960,3960,80,80
3961,3961,95,95
3962,3962,81,80
3963,3963,82,82
3964,3964,97,83
3965,3965,86,86
3966,3966,87,65
3967,3967,77,61
3968,3968,79,55
3969,3969,94,65
3970,3970,70,55
3971,3971,78,70
3972,3972,75,63
3973,3973,76,76
3974,3974,67,67
3975,3975,77,55
3976,3976,58,58
3977,3977,67,52
3978,3978,68,48
3979,3979,65,65
3980,3980,69,66
3981,3981,51,39
3982,3982,45,45
3983,3983,51,41
3984,3984,70,70
3985,3985,88,83
3986,3986,91,69
3987,3987,93,62
3988,3988,86,75
3989,3989,83,83
3990,3990,90,82
3991,3991,68,68
3992,3992,92,86
3993,3993,82,64
3994,3994,70,69
3995,3995,70,60
3996,3996,86,78
3997,3997,79,61
3998,3998,69,59
3999,3999,70,59
4000,4000,83,80
4001,4001,95,57
4002,4002,67,67
4003,4003,41,41
4004,4004,61,37
4005,4005,54,54
4006,4006,56,56
4007,4007,59,56
4008,4008,75,39
4009,4009,68,68
4010,4010,42,42
4011,4011,94,87
4012,4012,85,75
4013,4013,92,77
4014,4014,100,96
4015,4015,97,90
4016,4016,99,93
4017,4017,84,79
4018,4018,95,76
4019,4019,96,75
4020,4020,43,43
4021,4021,63,59
4022,4022,69,37
4023,4023,57,57
4024,4024,63,52
4025,4025,65,64
4026,4026,62,53
4027,4027,48,48
4028,4028,65,49
4029,4029,70,70
4030,4030,75,66
4031,4031,94,85
4032,4032,77,65
4033,4033,95,69
4034,4034,81,78
4035,4035,95,87
4036,4036,76,76
4037,4037,81,71
4038,4038,71,53
4039,4039,52,52
4040,4040,72,39
4041,4041,70,65
4042,4042,61,50
4043,4043,63,48
4044,4044,58,58
4045,4045,52,41
4046,4046,53,53
4047,4047,60,37
4048,4048,49,41
4049,4049,45,37
4050,4050,64,64
4051,4051,77,68
4052,4052,48,48
4053,4053,55,55
4054,4054,62,60
4055,4055,61,61
4056,4056,77,67
4057,4057,74,63
4058,4058,48,48
4059,4059,57,57
4060,4060,67,58
4061,4061,58,46
4062,4062,47,40
4063,4063,61,36
4064,4064,42,37
4065,4065,93,69
4066,4066,85,62
4067,4067,67,67
4068,4068,66,66
4069,4069,82,66
4070,4070,74,74
4071,4071,83,83
4072,4072,87,69
4073,4073,90,83
4074,4074,96,80
4075,4075,82,82
4076,4076,97,78
4077,4077,82,79
4078,4078,100,75
4079,4079,81,81
4080,4080,96,82
4081,4081,86,86
4082,4082,85,85
4083,4083,51,51
4084,4084,63,63
4085,4085,64,44
4086,4086,60,44
4087,4087,69,59
4088,4088,46,46
4089,4089,68,42
4090,4090,69,48
4091,4091,53,46
4092,4092,83,68
4093,4093,95,61
4094,4094,86,59
4095,4095,82,64
4096,4096,85,78
4097,4097,83,68
4098,4098,73,73
4099,4099,79,79
4100,4100,74,70
4101,4101,95,94
4102,4102,94,94
4103,4103,94,75
4104,4104,82,80
4105,4105,99,89
4106,4106,83,81
4107,4107,90,79
4108,4108,96,82
4109,4109,83,79
4110,4110,82,67
4111,4111,73,73
4112,4112,93,84
4113,4113,83,83
4114,4114,88,78
4115,4115,72,72
4116,4116,94,57
4117,4117,74,70
4118,4118,91,75
4119,4119,95,68
4120,4120,94,60
4121,4121,83,65
4122,4122,83,77
4123,4123,71,71
4124,4124,81,67
4125,4125,94,55
4126,4126,67,67
4127,4127,84,62
4128,4128,47,47
4129,4129,69,61
4130,4130,43,42
4131,4131,45,42
4132,4132,48,46
4133,4133,42,42
4134,4134,73,63
4135,4135,53,37
4136,4136,64,56
4137,4137,89,89
4138,4138,89,80
4139,4139,97,96
4140,4140,90,75
4141,4141,84,79
4142,4142,80,80
4143,4143,91,87
4144,4144,100,75
4145,4145,98,94
4146,4146,65,61
4147,4147,69,69
4148,4148,82,75
4149,4149,89,63
4150,4150,95,59
4151,4151,65,64
4152,4152,78,62
4153,4153,72,72
4154,4154,84,58
4155,4155,93,82
4156,4156,96,95
4157,4157,90,83
4158,4158,100,95
4159,4159,89,76
4160,4160,99,86
4161,4161,95,93
4162,4162,91,88
4163,4163,82,82
4164,4164,87,83
4165,4165,88,88
4166,4166,97,76
4167,4167,96,78
4168,4168,93,92
4169,4169,88,77
4170,4170,81,81
4171,4171,91,89
4172,4172,83,83
4173,4173,94,78
4174,4174,87,85
4175,4175,89,86
4176,4176,95,84
4177,4177,83,81
4178,4178,85,85
4179,4179,91,89
4180,4180,88,88
4181,4181,80,80
4182,4182,94,83
4183,4183,93,79
4184,4184,96,82
4185,4185,95,75
4186,4186,92,88
4187,4187,90,90
4188,4188,83,76
4189,4189,94,78
4190,4190,100,83
4191,4191,98,95
4192,4192,90,82
4193,4193,90,80
4194,4194,96,76
4195,4195,99,90
4196,4196,99,91
4197,4197,100,77
4198,4198,83,83
4199,4199,89,78
4200,4200,95,58
4201,4201,72,69
4202,4202,78,66
4203,4203,81,73
4204,4204,84,83
4205,4205,91,71
4206,4206,95,63
4207,4207,81,81
4208,4208,70,61
4209,4209,86,56
4210,4210,73,61
4211,4211,82,60
4212,4212,89,87
4213,4213,89,83
4214,4214,67,67
4215,4215,82,82
4216,4216,94,87
4217,4217,67,67
4218,4218,68,57
4219,4219,54,54
4220,4220,40,40
4221,4221,56,56
4222,4222,70,40
4223,4223,52,52
4224,4224,65,40
4225,4225,50,50
4226,4226,77,52
4227,4227,49,49
4228,4228,70,38
4229,4229,54,42
4230,4230,77,62
4231,4231,71,70
4232,4232,58,58
4233,4233,64,57
4234,4234,77,60
4235,4235,78,61
4236,4236,88,88
4237,4237,96,84
4238,4238,84,84
4239,4239,85,85
4240,4240,100,88
4241,4241,80,80
4242,4242,87,83
4243,4243,96,82
4244,4244,84,83
4245,4245,68,39
4246,4246,44,40
4247,4247,47,47
4248,4248,78,45
4249,4249,66,41
4250,4250,66,35
4251,4251,42,42
4252,4252,65,56
4253,4253,50,50
4254,4254,46,46
4255,4255,52,52
4256,4256,66,60
4257,4257,70,39
4258,4258,56,56
4259,4259,42,42
4260,4260,40,40
4261,4261,46,46
4262,4262,73,41
4263,4263,92,83
4264,4264,97,94
4265,4265,98,87
4266,4266,89,89
4267,4267,82,82
4268,4268,90,90
4269,4269,84,84
4270,4270,95,86
4271,4271,81,81
4272,4272,66,66
4273,4273,89,80
4274,4274,78,63
4275,4275,75,75
4276,4276,65,58
4277,4277,83,74
4278,4278,83,71
4279,4279,77,77
4280,4280,93,82
4281,4281,88,80
4282,4282,89,85
4283,4283,94,85
4284,4284,94,84
4285,4285,86,86
4286,4286,84,82
4287,4287,92,87
4288,4288,85,85
4289,4289,83,83
4290,4290,66,55
4291,4291,70,66
4292,4292,70,70
4293,4293,87,85
4294,4294,75,59
4295,4295,70,70
4296,4296,76,76
4297,4297,90,88
4298,4298,65,55
4299,4299,95,92
4300,4300,85,85
4301,4301,94,75
4302,4302,84,84
4303,4303,100,88
4304,4304,85,76
4305,4305,95,85
4306,4306,98,87
4307,4307,94,92
4308,4308,85,84
4309,4309,87,87
4310,4310,88,76
4311,4311,88,84
4312,4312,94,85
4313,4313,82,78
4314,4314,94,84
4315,4315,95,95
4316,4316,82,82
4317,4317,85,65
4318,4318,92,79
4319,4319,93,85
4320,4320,82,58
4321,4321,90,79
4322,4322,73,73
4323,4323,77,69
4324,4324,91,64
4325,4325,75,69
4326,4326,100,78
4327,4327,92,89
4328,4328,82,82
4329,4329,88,83
4330,4330,88,83
4331,4331,86,86
4332,4332,95,94
4333,4333,97,78
4334,4334,90,82
4335,4335,81,81
4336,4336,88,79
4337,4337,78,78
4338,4338,93,58
4339,4339,80,63
4340,4340,91,83
4341,4341,72,57
4342,4342,84,79
4343,4343,69,68
4344,4344,87,87
4345,4345,83,83
4346,4346,92,80
4347,4347,85,85
4348,4348,98,92
4349,4349,83,76
4350,4350,87,80
4351,4351,96,87
4352,4352,81,75
4353,4353,86,85
4354,4354,82,60
4355,4355,77,60
4356,4356,72,72
4357,4357,85,60
4358,4358,90,85
4359,4359,89,63
4360,4360,92,75
4361,4361,66,55
4362,4362,73,73
4363,4363,79,59
4364,4364,66,66
4365,4365,77,77
4366,4366,93,80
4367,4367,67,60
4368,4368,95,69
4369,4369,79,75
4370,4370,94,72
4371,4371,75,47
4372,4372,58,58
4373,4373,76,60
4374,4374,40,40
4375,4375,75,68
4376,4376,70,68
4377,4377,71,39
4378,4378,77,62
4379,4379,44,44
4380,4380,82,79
4381,4381,91,89
4382,4382,98,92
4383,4383,80,80
4384,4384,80,80
4385,4385,82,82
4386,4386,83,83
4387,4387,82,82
4388,4388,92,92
4389,4389,85,64
4390,4390,83,80
4391,4391,70,65
4392,4392,75,75
4393,4393,90,71
4394,4394,94,63
4395,4395,86,73
4396,4396,66,66
4397,4397,65,64
4398,4398,80,76
4399,4399,90,88
4400,4400,85,81
4401,4401,95,80
4402,4402,99,85
4403,4403,88,75
4404,4404,100,91
4405,4405,94,82
4406,4406,82,82
4407,4407,97,95
4408,4408,82,78
4409,4409,99,80
4410,4410,83,83
4411,4411,82,76
4412,4412,94,76
4413,4413,81,76
4414,4414,98,85
4415,4415,95,83
4416,4416,90,84
4417,4417,98,91
4418,4418,98,81
4419,4419,84,84
4420,4420,83,83
4421,4421,99,91
4422,4422,86,84
4423,4423,82,76
4424,4424,91,91
4425,4425,79,73
4426,4426,90,78
4427,4427,93,70
4428,4428,78,78
4429,4429,82,82
4430,4430,71,69
4431,4431,93,74
4432,4432,82,74
4433,4433,72,72
4434,4434,75,75
4435,4435,94,72
4436,4436,79,76
4437,4437,77,65
4438,4438,91,55
4439,4439,75,75
4440,4440,87,74
4441,4441,84,61
4442,4442,67,61
4443,4443,65,64
4444,4444,95,83
4445,4445,87,66
4446,4446,87,78
4447,4447,94,72
4448,4448,70,55
4449,4449,70,70
4450,4450,93,77
4451,4451,70,70
4452,4452,85,85
4453,4453,98,83
4454,4454,90,76
4455,4455,95,78
4456,4456,84,84
4457,4457,91,91
4458,4458,87,87
4459,4459,80,80
4460,4460,86,84
4461,4461,57,57
4462,4462,53,53
4463,4463,58,39
4464,4464,46,46
4465,4465,51,51
4466,4466,55,55
4467,4467,42,42
4468,4468,66,66
4469,4469,41,41
4470,4470,94,90
4471,4471,87,87
4472,4472,84,81
4473,4473,89,84
4474,4474,91,82
4475,4475,94,87
4476,4476,90,85
4477,4477,91,75
4478,4478,92,85
4479,4479,82,71
4480,4480,70,64
4481,4481,75,61
4482,4482,66,57
4483,4483,91,57
4484,4484,89,81
4485,4485,69,62
4486,4486,72,63
4487,4487,93,76
4488,4488,85,77
4489,4489,93,84
4490,4490,87,87
4491,4491,80,79
4492,4492,85,77
4493,4493,80,80
4494,4494,83,77
4495,4495,87,87
4496,4496,85,78
4497,4497,47,47
4498,4498,40,40
4499,4499,47,47
4500,4500,61,61
4501,4501,60,60
4502,4502,46,46
4503,4503,43,43
4504,4504,78,48
4505,4505,78,44
4506,4506,88,85
4507,4507,81,81
4508,4508,85,85
4509,4509,97,81
4510,4510,100,82
4511,4511,81,81
4512,4512,88,88
4513,4513,96,78
4514,4514,91,91
4515,4515,100,75
4516,4516,81,81
4517,4517,87,79
4518,4518,91,79
4519,4519,91,81
4520,4520,84,84
4521,4521,81,81
4522,4522,81,81
4523,4523,94,89
4524,4524,97,82
4525,4525,80,80
4526,4526,93,93
4527,4527,82,82
4528,4528,81,80
4529,4529,86,78
4530,4530,87,87
4531,4531,92,87
4532,4532,86,78
4533,4533,75,58
4534,4534,65,64
4535,4535,42,42
4536,4536,49,40
4537,4537,63,58
4538,4538,56,54
4539,4539,67,60
4540,4540,78,47
4541,4541,62,35
4542,4542,50,50
4543,4543,47,40
4544,4544,53,53
4545,4545,61,61
4546,4546,49,41
4547,4547,42,42
4548,4548,78,41
4549,4549,49,49
4550,4550,45,45
4551,4551,84,84
4552,4552,85,85
4553,4553,87,82
4554,4554,81,81
4555,4555,91,91
4556,4556,91,83
4557,4557,92,92
4558,4558,94,87
4559,4559,88,88
4560,4560,83,83
4561,4561,77,77
4562,4562,78,68
4563,4563,70,70
4564,4564,87,55
4565,4565,94,74
4566,4566,70,70
4567,4567,95,78
4568,4568,92,83
4569,4569,88,79
4570,4570,98,78
4571,4571,89,76
4572,4572,100,92
4573,4573,85,85
4574,4574,90,84
4575,4575,94,93
4576,4576,94,82
4577,4577,80,75
4578,4578,85,79
4579,4579,97,89
4580,4580,88,85
4581,4581,88,80
4582,4582,94,83
4583,4583,95,76
4584,4584,85,85
4585,4585,96,88
4586,4586,84,82
4587,4587,60,60
4588,4588,47,47
4589,4589,42,42
4590,4590,74,39
4591,4591,60,60
4592,4592,41,41
4593,4593,48,39
4594,4594,52,42
4595,4595,54,42
4596,4596,95,80
4597,4597,86,86
4598,4598,84,84
4599,4599,80,80
4600,4600,100,90
4601,4601,91,91
4602,4602,86,82
4603,4603,94,82
4604,4604,96,94
4605,4605,54,54
4606,4606,67,40
4607,4607,70,60
4608,4608,69,37
4609,4609,71,42
4610,4610,52,52
4611,4611,47,44
4612,4612,75,49
4613,4613,75,46
4614,4614,94,71
4615,4615,77,77
4616,4616,73,63
4617,4617,95,68
4618,4618,69,65
4619,4619,85,61
4620,4620,69,69
4621,4621,88,64
4622,4622,86,66
4623,4623,99,85
4624,4624,92,82
4625,4625,95,82
4626,4626,97,76
4627,4627,95,83
4628,4628,95,95
4629,4629,89,78
4630,4630,80,80
4631,4631,85,85
4632,4632,54,54
4633,4633,60,52
4634,4634,60,51
4635,4635,44,44
4636,4636,57,39
4637,4637,61,56
4638,4638,45,45
4639,4639,60,60
4640,4640,51,38
4641,4641,70,55
4642,4642,80,61
4643,4643,69,69
4644,4644,72,72
4645,4645,79,79
4646,4646,81,81
4647,4647,80,80
4648,4648,89,66
4649,4649,86,56
4650,4650,93,86
4651,4651,86,86
4652,4652,89,81
4653,4653,92,85
4654,4654,96,96
4655,4655,90,80
4656,4656,85,78
4657,4657,80,80
4658,4658,89,89
4659,4659,40,40
4660,4660,65,54
4661,4661,67,66
4662,4662,77,63
4663,4663,45,45
4664,4664,62,62
4665,4665,61,37
4666,4666,60,49
4667,4667,64,52
4668,4668,45,42
4669,4669,62,43
4670,4670,60,48
4671,4671,69,35
4672,4672,50,50
4673,4673,53,53
4674,4674,60,53
4675,4675,75,56
4676,4676,58,58
4677,4677,88,84
4678,4678,88,77
4679,4679,83,83
4680,4680,87,87
4681,4681,88,83
4682,4682,98,83
4683,4683,96,96
4684,4684,85,79
4685,4685,96,88
4686,4686,83,83
4687,4687,68,68
4688,4688,93,83
4689,4689,68,68
4690,4690,74,74
4691,4691,87,81
4692,4692,83,63
4693,4693,72,55
4694,4694,78,74
4695,4695,66,56
4696,4696,76,61
4697,4697,88,84
4698,4698,76,76
4699,4699,75,75
4700,4700,95,55
4701,4701,90,60
4702,4702,95,59
4703,4703,74,67
4704,4704,87,87
4705,4705,86,84
4706,4706,93,80
4707,4707,81,81
4708,4708,85,83
4709,4709,80,80
4710,4710,98,88
4711,4711,92,92
4712,4712,100,85
4713,4713,66,64
4714,4714,85,85
4715,4715,79,71
4716,4716,71,71
4717,4717,90,78
4718,4718,91,72
4719,4719,79,76
4720,4720,89,65
4721,4721,69,69
4722,4722,46,46
4723,4723,41,41
4724,4724,68,39
4725,4725,67,64
4726,4726,68,62
4727,4727,62,55
4728,4728,51,51
4729,4729,45,45
4730,4730,75,51
4731,4731,94,63
4732,4732,79,59
4733,4733,90,56
4734,4734,95,65
4735,4735,66,66
4736,4736,88,81
4737,4737,93,84
4738,4738,91,85
4739,4739,75,71
4740,4740,92,66
4741,4741,76,69
4742,4742,69,69
4743,4743,92,59
4744,4744,66,66
4745,4745,74,71
4746,4746,69,69
4747,4747,79,59
4748,4748,67,60
4749,4749,72,72
4750,4750,90,58
4751,4751,93,59
4752,4752,91,86
4753,4753,85,69
4754,4754,83,71
4755,4755,75,62
4756,4756,69,69
4757,4757,72,69
4758,4758,89,79
4759,4759,92,92
4760,4760,98,95
4761,4761,86,75
4762,4762,86,84
4763,4763,80,80
4764,4764,96,94
4765,4765,88,88
4766,4766,91,91
4767,4767,84,75
4768,4768,80,71
4769,4769,77,77
4770,4770,95,75
4771,4771,79,79
4772,4772,70,70
4773,4773,67,67
4774,4774,90,63
4775,4775,88,65
4776,4776,93,81
4777,4777,90,90
4778,4778,93,82
4779,4779,84,84
4780,4780,89,89
4781,4781,93,87
4782,4782,99,91
4783,4783,90,78
4784,4784,87,87
4785,4785,92,69
4786,4786,91,60
4787,4787,95,66
4788,4788,74,74
4789,4789,87,78
4790,4790,82,81
4791,4791,74,55
4792,4792,81,75
4793,4793,77,74
4794,4794,70,70
4795,4795,85,85
4796,4796,81,75
4797,4797,85,80
4798,4798,88,74
4799,4799,78,63
4800,4800,68,64
4801,4801,69,66
4802,4802,74,59
4803,4803,83,83
4804,4804,98,78
4805,4805,94,79
4806,4806,99,94
4807,4807,96,78
4808,4808,86,78
4809,4809,87,87
4810,4810,85,75
4811,4811,86,80
4812,4812,90,80
4813,4813,87,87
4814,4814,97,80
4815,4815,99,80
4816,4816,99,76
4817,4817,93,80
4818,4818,87,82
4819,4819,86,86
4820,4820,86,81
4821,4821,83,83
4822,4822,92,80
4823,4823,93,92
4824,4824,80,77
4825,4825,85,81
4826,4826,84,78
4827,4827,87,86
4828,4828,99,77
4829,4829,80,80
4830,4830,91,91
4831,4831,97,91
4832,4832,88,82
4833,4833,94,94
4834,4834,94,91
4835,4835,98,88
4836,4836,87,87
4837,4837,95,80
4838,4838,84,84
4839,4839,92,80
4840,4840,83,79
4841,4841,99,91
4842,4842,85,85
4843,4843,93,93
4844,4844,89,79
4845,4845,94,83
4846,4846,99,88
4847,4847,89,77
4848,4848,65,65
4849,4849,73,73
4850,4850,74,74
4851,4851,71,71
4852,4852,79,70
4853,4853,95,76
4854,4854,82,61
4855,4855,83,56
4856,4856,90,65
4857,4857,70,62
4858,4858,70,70
4859,4859,77,77
4860,4860,66,56
4861,4861,82,71
4862,4862,72,55
4863,4863,82,67
4864,4864,75,75
4865,4865,82,70
4866,4866,83,83
4867,4867,87,75
4868,4868,91,75
4869,4869,91,87
4870,4870,98,94
4871,4871,91,87
4872,4872,98,81
4873,4873,89,88
4874,4874,95,75
4875,4875,85,57
4876,4876,71,71
4877,4877,66,66
4878,4878,95,71
4879,4879,66,66
4880,4880,95,82
4881,4881,91,78
4882,4882,77,64
4883,4883,75,75
4884,4884,67,46
4885,4885,47,35
4886,4886,58,58
4887,4887,59,59
4888,4888,58,55
4889,4889,67,55
4890,4890,54,54
4891,4891,45,43
4892,4892,53,41
4893,4893,51,40
4894,4894,70,50
4895,4895,69,66
4896,4896,74,69
4897,4897,75,55
4898,4898,60,45
4899,4899,50,50
4900,4900,46,46
4901,4901,71,58
4902,4902,92,58
4903,4903,73,73
4904,4904,72,72
4905,4905,69,69
4906,4906,88,73
4907,4907,79,62
4908,4908,90,84
4909,4909,93,68
4910,4910,81,56
4911,4911,86,82
4912,4912,99,80
4913,4913,95,91
4914,4914,97,77
4915,4915,97,90
4916,4916,97,88
4917,4917,90,80
4918,4918,93,85
4919,4919,90,82
4920,4920,68,68
4921,4921,74,72
4922,4922,88,85
4923,4923,70,70
4924,4924,74,69
4925,4925,83,71
4926,4926,78,71
4927,4927,84,56
4928,4928,82,76
4929,4929,90,80
4930,4930,99,88
4931,4931,89,80
4932,4932,96,91
4933,4933,99,89
4934,4934,97,86
4935,4935,90,90
4936,4936,96,79
4937,4937,98,76
4938,4938,97,94
4939,4939,100,77
4940,4940,97,81
4941,4941,94,77
4942,4942,98,91
4943,4943,90,78
4944,4944,86,86
4945,4945,96,87
4946,4946,85,81
4947,4947,93,92
4948,4948,87,87
4949,4949,97,77
4950,4950,98,75
4951,4951,99,96
4952,4952,98,95
4953,4953,94,89
4954,4954,84,84
4955,4955,98,81
4956,4956,96,92
4957,4957,94,75
4958,4958,86,79
4959,4959,83,78
4960,4960,82,75
4961,4961,84,84
4962,4962,100,85
4963,4963,93,76
4964,4964,90,90
4965,4965,66,63
4966,4966,71,71
4967,4967,87,87
4968,4968,77,63
4969,4969,87,77
4970,4970,83,70
4971,4971,84,58
4972,4972,82,75
4973,4973,91,82
4974,4974,87,77
4975,4975,92,82
4976,4976,91,86
4977,4977,92,84
4978,4978,99,76
4979,4979,87,87
4980,4980,85,85
4981,4981,100,87
4982,4982,87,84
4983,4983,82,82
4984,4984,83,83
4985,4985,90,90
4986,4986,100,84
4987,4987,91,78
4988,4988,97,75
4989,4989,80,80
4990,4990,93,79
4991,4991,83,83
4992,4992,72,72
4993,4993,83,81
4994,4994,80,80
4995,4995,94,55
4996,4996,82,72
4997,4997,89,72
4998,4998,76,62
4999,4999,91,76
5000,5000,69,69
